1-4 years,1,6,Measles,5954,20.5,1,100,Broncho-pneumonia,3127,21.4,1,107,Broncho-pneumonia,1156,19.0,1,107(2),Broncho-pneumonia without mention of influenza,447,12.7,1,491,Bronchopneumonia,153,11.0,1,491,Bronchopneumonia,157,10.8,1,746,Congenital anomalies of heart,99,10.1,1,745,Bulbus cordis anomalies and anomalies of cardiac septal closure,49,7.7,1,36,Meningococcal infection,32,8.0,1,A39,Meningococcal infection,16,5.4,1,C71,Malignant neoplasm of brain,13,5.1
,2,91,Broncho-pneumonia,4784,16.4,2,7,Measles,1982,13.6,2,10,Diphtheria,644,10.6,2,14,Tuberculosis of the meninges and central nervous system,333,9.4,2,812,Motor vehicle traffic accident to pedestrian,94,6.7,2,812,Motor vehicle traffic accident to pedestrian,114,7.9,2,814,Motor vehicle traffic accident involving collision with pedestrian,59,6.0,2,890,Conflagration in private dwelling,36,5.6,2,746,Other congenital anomalies of heart,25,6.3,2,C71,Malignant neoplasm of brain,14,4.7,2,J12,Viral pneumonia not elsewhere classified,8,3.1
,3,89&90B,Other bronchitis,1845,6.3,3,9,Whooping cough,1362,9.3,3,7,Measles,447,7.3,3,170c,Other motor vehicle accidents,220,6.2,3,754,Congenital malformations of circulatory system,80,5.7,3,754,Congenital malformations of circulatory system,82,5.6,3,485,Bronchopneumonia unspecified,50,5.1,3,910,Accidental drowning and submersion,31,4.9,3,814,Motor vehicle traffic accident involving collision with pedestrian,21,5.3,3,C74,Malignant neoplasm of adrenal gland,10,3.4,3,G40,Epilepsy,7,2.7
,4,8,Whooping cough,1816,6.2,4,32,Tuberculosis of the central nervous system,705,4.8,4,24,Tuberculosis of the central nervous system,373,6.1,4,35,Measles,191,5.4,4,929,Accidental drowning and submersion,65,4.7,4,929,Accidental drowning and submersion,72,5.0,4,910,Accidental drowning and submersion,48,4.9,3,814,Motor vehicle traffic accident involving collision with pedestrian,31,4.9,4,988,Injury by other or unspecified means undetermined whether accidentally or purposely inflicted,13,3.3,4,Q04,Other congenital malformations of brain,9,3.0,3,C74,Malignant neoplasm of adrenal gland,7,2.7
,5,9A,Diphtheria,1456,5.0,5,10,Diphtheria,680,4.7,5,9,Whooping cough,289,4.7,5,183,Accidental drowning*,156,4.4,5,204,Leukaemia and aleukaemia,59,4.2,4,204,Leukaemia and aleukaemia,72,5.0,5,890,Accident caused by conflagration in private dwelling,29,3.0,5,742,Other congenital anomalies of nervous system,23,3.6,5,194,Malignant neoplasm of other endocrine glands and related structures,12,3.0,4,Q24,Other congenital malformations of heart,9,3.0,3,R99,Other ill-defined and unspecified causes of mortality,7,2.7
,6,30,Tuberculous meningitis,1232,4.2,6,113114(3),Other diseases included under diarrhoea and enteritis,677,4.6,6,181,Accidental burns (conflagration excepted),242,4.0,6,10,Diphtheria,127,3.6,6,571,Gastro-enteritis and colitis except ulcerative age 4 weeks and over,55,3.9,6,500,Acute bronchitis,58,4.0,6,9,Diarrhoeal disease,25,2.5,6,36,Meningococcal infection,20,3.1,6,890,Conflagration in private dwelling,11,2.8,6,G40,Epilepsy,8,2.7,6,E75,Disorders of sphingolipid metabolism and other lipid storage disorders,6,2.3
,7,92B,Pneumonia (type not stated),1204,4.1,7,101b,Pneumonia (not otherwise specified),435,3.0,7,119120a(2),Other diarrhoea and enteritis,233,3.8,7,181,Accidental burns (conflagration excepted)*,105,3.0,7,85,Measles,46,3.3,7,916,Accident caused by fire and explosion of combustible material,56,3.9,6,204,Lymphatic leukaemia,25,2.5,6,746,Other congenital anomalies of heart,20,3.1,6,343,Infantile cerebral palsy,11,2.8,6,Y33,Other specified events undetermined intent,8,2.7,6,A39,Meningococcal infection,6,2.3
,8,61C,Meningitis other forms,709,2.4,8,179,Accidental burns (conflagration excepted),422,2.9,8,108,Lobar pneumonia,230,3.8,8,119a,Enteritis and diarrhoea without mention of ulceration (<2yrs),101,2.9,8,500,Acute bronchitis,39,2.8,8,571,Gastro-enteritis and colitis except ulcerative age 4 weeks and over,47,3.2,8,320,Meningitis,24,2.4,8,343,Infantile cerebral palsy,17,2.7,6,798,Sudden death cause unknown,11,2.8,8,G03,Meningitis due to other and unspecified causes,6,2.0,6,G31,Other degenerative diseases of nervous system not elsewhere classified,6,2.3
,9,104A,Infective enteritis,635,2.2,9,101a,Lobar pneumonia,349,2.4,9,186,Accidental injury by fall crushing etc.,227,3.7,9,9,Whooping cough,92,2.6,9,57,Meningococcal infections,38,2.7,9,193,Malignant neoplasm of brain and other parts of nervous system,38,2.6,8,36,Meningococcal infection,24,2.4,8,798,Sudden death cause unknown,17,2.7,9,910,Accidental drowning and submersion,9,2.3,8,G31,Other degenerative diseases of nervous system not elsewhere classified,6,2.0,9,G80,Cerebral palsy,5,1.9
,10,7,Scarlet fever,586,2.0,10,99a,Acute bronchitis,345,2.4,10,121,Appendicitis,113,1.9,10,13b,Tb. of the resp. system without mention of occupational disease of lung,70,2.0,10,193,Malignant neoplasm of brain and other parts of nervous system,28,2.0,10,340,Meningitis except meningococcal and tuberculous,25,1.7,10,466,Acute bronchitis and bronchiolitis,23,2.3,10,466,Acute bronchitis and bronchiolitis,15,2.4,9,330,Cerebral degenerations usually manifest in childhood,9,2.3,8,X00,Unintentional: fire/flames/hot objects,6,2.0,9,R96,Other sudden death cause unknown,5,1.9
,,,,,,,,,,,,,,,,,,,,,10,340,Meningitis except meningococcal and tuberculous,28,2.0,,,,,,,,,,,10,320,Bacterial meningitis,15,2.4,9,191,Malignant neoplasm of brain,9,2.3,8,J12,Viral pneumonia not elsewhere classified,6,2.0,9,A40,Streptococcal septicaemia,5,1.9
,,,,,,,,,,,,,,,,,,,,,,,,,,,,,,,,,,,,,,,,,9,759,Other and unspecified congenital anomalies,9,2.3,,,,,,9,J22,Unspecified acute lower respiratory infection,5,1.9
,,,,,,,,,,,,,,,,,,,,,,,,,,,,,,,,,,,,,,,,,,,,,,,,,,,9,B34,Viral infection of unspecified site,5,1.9
5-9 years,1,9A,Diphtheria,980,13.5,1,10,Diphtheria,445,11.2,1,10,Diphtheria,756,23.4,1,170c,Other motor vehicle accidents,348,17.8,1,812,Motor vehicle traffic accident to pedestrian,154,16.6,1,812,Motor vehicle traffic accident to pedestrian,162,18.6,1,814,Motor vehicle traffic accident involving collision with pedestrian,114,16.8,1,814,Motor vehicle traffic accident involving collision with pedestrian,65,19.8,1,204,Lymphoid leukaemia,25,9.0,1,C71,Malignant neoplasm of brain,21,12.7,1,C71,Malignant neoplasm of brain,16,10.9
,2,6,Measles,598,8.3,2,188,Accidental injury by other forms of crushing (road vehicles etc),308,7.7,2,186,Accidental injury by fall crushing etc.,349,10.8,2,183,Accidental drowning*,189,9.7,2,929,Accidental drowning and submersion,105,11.3,2,929,Accidental drowning and submersion,78,8.9,2,204,Lymphatic leukaemia,64,9.5,2,191,Malignant neoplasm of brain,29,8.8,2,814,Motor vehicle traffic accident involving collision with pedestrian,23,8.3,2,G80,Cerebral palsy,9,5.4,2,C91,Lymphoid leukemia,6,4.1
,3,30,Tuberculous meningitis,481,6.6,3,32,Tuberculosis of the central nervous system,267,6.7,3,24,Tuberculosis of the central nervous system,157,4.9,3,14,Tuberculosis of the meninges and central nervous system,144,7.4,3,204,Leukaemia and aleukaemia,56,6.0,3,204,Leukaemia and aleukaemia,77,8.8,3,910,Accidental drowning and submersion,60,8.9,3,204,Lymphoid leukaemia,19,5.8,3,191,Malignant neoplasm of brain,10,3.6,3,C91,Lymphoid leukemia,8,4.8,3,G80,Cerebral palsy,5,3.4
,4,175,Injury by other crushing (vehicles railways landslides &c),354,4.9,4,100,Broncho-pneumonia,258,6.5,4,121,Appendicitis,115,3.6,4,10,Diphtheria,125,6.4,4,491,Bronchopneumonia,38,4.1,4,193,Malignant neoplasm of brain and other parts of nervous system,49,5.6,4,746,Congenital anomalies of heart,43,6.4,4,745,Bulbus cordis anomalies and anomalies of cardiac septal closure,15,4.6,3,194,Malignant neoplasm of other endocrine glands and related structures,10,3.6,4,V03,Pedestrian injured in collision with car pick-up truck or van,7,4.2,3,G40,Epilepsy,5,3.4
,5,7,Scarlet fever,332,4.6,5,7,Measles,199,5.0,5,107,Broncho-pneumonia,110,3.4,5,121(1),Appendicitis without mention of intestinal obstruction,71,3.6,5,193,Malignant neoplasm of brain and other parts of nervous system,31,3.3,5,754,Congenital malformations of circulatory system,48,5.5,5,191,Malignant neoplasm of brain,21,3.1,5,910,Accidental drowning and submersion,10,3.0,5,343,Infantile cerebral palsy,8,2.9,5,J45,Asthma,5,3.0,3,C74,Malignant neoplasm of adrenal gland,5,3.4
,6,91,Broncho-pneumonia,303,4.2,6,117,Appendicitis,141,3.5,6,108,Lobar pneumonia,109,3.4,6,107(2),Broncho-pneumonia without mention of influenza,63,3.2,6,754,Congenital malformations of circulatory system,23,2.5,6,491,Bronchopneumonia,28,3.2,6,813,Motor vehicle traffic accident involving collision with other vehicle,19,2.8,5,813,Motor vehicle traffic accident involving collision with other vehicle,10,3.0,5,742,Other congenital anomalies of nervous system,8,2.9,5,C74,Malignant neoplasm of adrenal gland,5,3.0,3,Q24,Other congenital malformations of heart,5,3.4
,7,61C,Meningitis other forms,260,3.6,7,182,Accidental drowning,128,3.2,7,183,Accidental drowning,103,3.2,7,197,Deaths of civilians due to operations of war,60,3.1,7,353,Epilepsy,20,2.2,7,813,Motor vehicle traffic accident to pedal cyclist,24,2.8,7,345,Epilepsy,14,2.1,7,746,Other congenital anomalies of heart,9,2.7,7,813,Motor vehicle traffic accident involving collision with other vehicle,7,2.5,5,C49,Malignant neoplasm of other connective and soft tissue,5,3.0,7,E75,Disorders of sphingolipid metabolism and other lipid storage disorders,4,2.7
,8,92B,Pneumonia (type not stated),259,3.6,8,51,Rheumatic fever,123,3.1,8,56,Rheumatic fever,87,2.7,8,186,Accidential injury by fall crushing landslide etc.,46,2.4,8,80,Acute poliomyelitis,19,2.0,8,200,Lymphosarcoma and reticulosarcoma,18,2.1,8,485,Bronchopneumonia unspecified,13,1.9,8,812,Other motor vehicle traffic accident involving collision with another motor vehicle,8,2.4,7,205,Myeloid leukaemia,7,2.5,8,Q23,Congenital malformations of aortic and mitral valves,4,2.4,7,C92,Myeloid leukemia,4,2.7
,9,169,Accidental drowning,252,3.5,9,8,Scarlet fever,122,3.1,9,115(3),Diseases of the tonsils,73,2.3,9,74a,Leukaemia,31,1.6,9,85,Measles,17,1.8,9,85,Measles,16,1.8,8,192,Malignant neoplasm of other and unspecified parts of nervous system,13,1.9,9,194,Malignant neoplasm of other endocrine glands and related structures,6,1.8,7,746,Other congenital anomalies of heart,7,2.5,8,R99,Other ill-defined and unspecified causes of mortality,4,2.4,7,J18,Pneumonia organism unspecified,4,2.7
,10,28A,Pulmonary tuberculosis,195,2.7,10,31,Tuberculosis of the respiratory system,121,3.0,10,7,Measles,70,2.2,10,169,Railway accidents (any cause of death except war),30,1.5,9,902,Other falls from one level to another,17,1.8,10,916,Accident caused by fire and explosion of combustible material,15,1.7,10,273,Other and unspecified congenital disorders of metabolism,11,1.6,9,205,Myeloid leukaemia,6,1.8,10,36,Meningococcal infection,6,2.2,10,Q24,Other congenital malformations of heart,3,1.8,10,C49,Malignant neoplasm of other connective and soft tissue,3,2.0
,,,,,,,,,,,,,,,,,,,,,,,,,,10,902,Other falls from one level to another,15,1.7,,,,,,,,,,,,,,,,10,K76,Other diseases of liver,3,1.8,10,A39,Meningococcal infection,3,2.0
,,,,,,,,,,,,,,,,,,,,,,,,,,,,,,,,,,,,,,,,,,,,,,10,V09,Pedestrian injured in other and unspecified transport accidents,3,1.8,10,Q04,Other congenital malformations of brain,3,2.0
10-14 years,1,28A,Pulmonary tuberculosis,245,5.8,1,31,Tuberculosis of the respiratory system,232,7.8,1,186,Accidental injury by fall crushing etc.,274,11.8,1,170c,Other motor vehicle accidents,153,10.5,1,929,Accidental drowning and submersion,65,9.3,1,813,Motor vehicle traffic accident to pedal cyclist,60,8.5,1,814,Motor vehicle traffic accident involving collision with pedestrian,76,11.0,1,814,Motor vehicle traffic accident involving collision with pedestrian,80,15.9,1,814,Motor vehicle traffic accident involving collision with pedestrian,42,12.7,1,G80,Cerebral palsy,14,5.1,1,C71,Malignant neoplasm of brain,13,7.8
,2,30,Tuberculous meningitis,240,5.7,2,188,Accidental injury by other forms of crushing (road vehicles etc),212,7.1,2,10,Diphtheria,202,8.7,2,183,Accidental drowning*,103,7.1,2,813,Motor vehicle traffic accident to pedal cyclist,64,9.2,2,812,Motor vehicle traffic accident to pedestrian,53,7.5,2,813,Motor vehicle traffic accident involving collision with other vehicle,41,5.9,2,813,Motor vehicle traffic accident involving collision with other vehicle,46,9.1,2,913,Accidental mechanical suffocation,15,4.5,1,W76,Other accidental hanging and strangulation,14,5.1,2,W76,Other accidental hanging and strangulation,9,5.4
,3,175,Injury by other crushing (vehicles railways landslides &c),230,5.5,3,117,Appendicitis,155,5.2,3,121,Appendicitis,117,5.0,3,14,Tuberculosis of the meninges and central nervous system,92,6.3,3,204,Leukaemia and aleukaemia,32,4.6,3,929,Accidental drowning and submersion,44,6.3,3,746,Congenital anomalies of heart,29,4.2,3,204,Lymphoid leukaemia,26,5.2,3,813,Motor vehicle traffic accident involving collision with other vehicle,13,3.9,3,V03,Pedestrian injured in collision with car pick-up truck or van,13,4.8,3,G80,Cerebral palsy,6,3.6
,4,108,Appendicitis,203,4.8,3,51,Rheumatic fever,155,5.2,4,56,Rheumatic fever,97,4.2,4,197,Deaths of civilians due to operations of war,84,5.8,4,754,Congenital malformations of circulatory system,30,4.3,4,241,Asthma,43,6.1,4,913,Accidental mechanical suffocation,28,4.0,4,277,Other and unspecified disorders of metabolism,23,4.6,4,191,Malignant neoplasm of brain,12,3.6,4,C71,Malignant neoplasm of brain,11,4.0,3,C91,Lymphoid leukemia,6,3.6
,5,9A,Diphtheria,196,4.7,5,32,Tuberculosis of the central nervous system,149,5.0,5,24,Tuberculosis of the central nervous system,90,3.9,5,121(1),Appendicitis without mention of intestinal obstruction,61,4.2,5,812,Motor vehicle traffic accident to pedestrian,28,4.0,5,204,Leukaemia and aleukaemia,39,5.5,5,204,Lymphatic leukaemia,26,3.8,5,191,Malignant neoplasm of brain,20,4.0,5,204,Lymphoid leukaemia,10,3.0,5,G40,Epilepsy,9,3.3,5,I42,Cardiomyopathy,5,3.0
,6,79A,Valvular disease,164,3.9,6,10,Diphtheria,108,3.6,6,23,Tuberculosis of the respiratory system,85,3.7,6,13b,Tb. of the resp. system without mention of occupational disease of lung,53,3.6,6,193,Malignant neoplasm of brain and other parts of nervous system,24,3.4,6,754,Congenital malformations of circulatory system,29,4.1,6,910,Accidental drowning and submersion,24,3.5,6,913,Accidental mechanical suffocation,17,3.4,6,343,Infantile cerebral palsy,9,2.7,6,Y20,Hanging strangulation and suffocation undetermined intent,7,2.6,5,E75,Disorders of sphingolipid metabolism and other lipid storage disorders,5,3.0
,7,47,Rheumatic fever,157,3.7,7,182,Accidental drowning,104,3.5,7,154,Acute infective osteomyelitis and periostitis,83,3.6,7,10,Diphtheria,40,2.8,6,902,Other falls from one level to another,24,3.4,7,193,Malignant neoplasm of brain and other parts of nervous system,27,3.8,7,273,Other and unspecified congenital disorders of metabolism,22,3.2,6,812,Other motor vehicle traffic accident involving collision with another motor vehicle,17,3.4,6,277,Other and unspecified disorders of metabolism,9,2.7,6,G71,Primary disorders of muscles,7,2.6,5,C41,Malignant neoplasm of bone and articular cartilage of other and unspecified sites,5,3.0
,8,169,Accidental drowning,144,3.4,8,101a,Lobar pneumonia,102,3.4,8,92(2),Mitral valve disease,82,3.5,8,186,Accidential injury by fall crushing landslide etc.,36,2.5,8,550,Acute appendicitis,18,2.6,8,491,Bronchopneumonia,22,3.1,8,191,Malignant neoplasm of brain,20,2.9,8,910,Accidental drowning and submersion,13,2.6,8,910,Accidental drowning and submersion,7,2.1,8,V49,Car occupant injured in other and unspecified transport accidents,6,2.2,5,J18,Pneumonia organism unspecified,5,3.0
,9,92A,Lobar pneumonia,122,2.9,9,155(1),Acute infective osteo-myelitis and periostitis,84,2.8,9,183,Accidental drowning,72,3.1,9,58b,Acute rheumatic endocarditis,33,2.3,9,353,Epilepsy,16,2.3,8,902,Other falls from one level to another,22,3.1,9,170,Malignant neoplasm of bone,17,2.5,9,359,Muscular dystrophies and other myopathies,11,2.2,8,425,Cardiomyopathy,7,2.1,8,Y33,Other specified events undetermined intent,6,2.2,9,J45,Asthma,4,2.4
,9,92B,Pneumonia (type not stated),122,2.9,10,71,Meningitis,77,2.6,10,92(5),Other or unspecified valve disease,69,3.0,10,92b(1),Mitral valve disease,32,2.2,10,196,Malignant neoplasm of bone (incl. jaw bone),13,1.9,10,200,Lymphosarcoma and reticulosarcoma,18,2.6,10,205,Myeloid leukaemia,15,2.2,10,170,Malignant neoplasm of bone and articular cartilage,10,2.0,8,345,Epilepsy,7,2.1,8,V13,Pedal cyclist injured in collision with car pick-up truck or van,6,2.2,9,G40,Epilepsy,4,2.4
,,,,,,,,,,,,,,,,,,,,,,,,,,,,,,,,,,,,,,,,,8,746,Other congenital anomalies of heart,7,2.1,8,V19,Pedal cyclist injured in other and unspecified transport accidents,6,2.2,9,Y20,Hanging strangulation and suffocation undetermined intent,4,2.4
,,,,,,,,,,,,,,,,,,,,,,,,,,,,,,,,,,,,,,,,,8,202,Other malignant neoplasm of lymphoid and histiocytic tissue,7,2.1,,,,,,9,C92,Myeloid leukemia,4,2.4
,,,,,,,,,,,,,,,,,,,,,,,,,,,,,,,,,,,,,,,,,,,,,,,,,,,9,Q24,Other congenital malformations of heart,4,2.4
15-19 years,1,28A,Pulmonary tuberculosis,808,13.5,1,31,Tuberculosis of the respiratory system,1163,24.6,1,23,Tuberculosis of the respiratory system,624,18.8,1,13b,Tb. of the resp. system without mention of occupational disease of lung,367,17.9,1,815,Motor vehicle traffic accident to rider or passenger of motorcycle in collison with other motor vehicle,125,10.3,1,815,Motor vehicle traffic accident to rider or passenger of motorcycle in collison with other motor vehicle,386,20.3,1,812,Motor vehicle traffic accident involving collision with another motor vehicle,337,21.3,1,812,Other motor vehicle traffic accident involving collision with another motor vehicle,269,19.6,1,812,Other motor vehicle traffic accident involving collision with another motor vehicle,85,9.6,1,V49,Car occupant injured in other and unspecified transport accidents,77,9.0,1,X70,Intentional self-harm by hanging strangulation and suffocation,64,12.0
,2,28B,Phthisis (not def. as t.b.),379,6.3,2,188,Accidental injury by other forms of crushing (road vehicles etc),340,7.2,2,186,Accidental injury by fall crushing etc.,506,15.2,2,170c,Other motor vehicle accidents,156,7.6,2,929,Accidental drowning and submersion,85,7.0,2,821,Motor vehicle traffic accident to rider of motorcycle without antecedent collision,150,7.9,2,816,Non-collision motor vehicle traffic accident due to loss of control,132,8.3,2,815,Other motor vehicle traffic accident involving collision on the highway,134,9.8,2,815,Other motor vehicle traffic accident involving collision on the highway,62,7.0,2,V47,Car occupant injured in collision with fixed or stationary object,68,7.9,2,U50,Coroner's verdict pending,27,5.1
,3,61A,Cerebro-spinal fever,263,4.4,3,101a,Lobar pneumonia,188,4.0,3,108,Lobar pneumonia,120,3.6,3,183,Accidental drowning*,116,5.7,3,813,Motor vehicle traffic accident to pedal cyclist,68,5.6,3,816,Other motor vehicle traffic accident involving two or more motor vehicles,134,7.0,3,815,Other motor vehicle traffic accident involving collison,128,8.1,3,816,Motor vehicle traffic accident due to loss of control without collision on the highway,66,4.8,3,819,Motor vehicle traffic accident of unspecified nature,59,6.6,3,X70,Intentional self-harm by hanging strangulation and suffocation,41,4.8,3,Y20,Hanging strangulation and suffocation undetermined intent,24,4.5
,4,186,Other violence,261,4.4,4,117,Appendicitis,180,3.8,4,121,Appendicitis,101,3.0,4,14,Tuberculosis of the meninges and central nervous system,81,4.0,4,821,Motor vehicle traffic accident to rider of motorcycle not involving collsion,44,3.6,4,823,Motor vehicle traffic accident involving running off roadway,92,4.8,4,910,Accidental drowning and submersion,58,3.7,4,359,Muscular dystrophies and other myopathies,62,4.5,4,988,Injury by other or unspecified means undetermined whether accidentally or purposely inflicted,40,4.5,4,Y33,Other specified events undetermined intent,26,3.0,4,V49,Car occupant injured in other and unspecified transport accidents,23,4.3
,5,175,Injury by other crushing (vehicles railways landslides &c),247,4.1,5,186,Accidental injury in mining and quarrying,127,2.7,5,183,Accidental drowning,94,2.8,5,197,Deaths of civilians due to operations of war,65,3.2,5,204,Leukaemia and aleukaemia,35,2.9,5,812,Motor vehicle traffic accident to pedestrian,63,3.3,5,814,Motor vehicle traffic accident involving collision with pedestrian,47,3.0,5,814,Motor vehicle traffic accident involving collision with pedestrian,58,4.2,5,953,Suicide and selfinflicted injury by hanging strangulation and suffocation,39,4.4,5,G71,Primary disorders of muscles,22,2.6,5,G40,Epilepsy,16,3.0
,6,79A,Valvular disease,243,4.1,6,182,Accidental drowning,110,2.3,6,24,Tuberculosis of the central nervous system,88,2.6,6,85,Epilepsy,58,2.8,6,592,Chronic nephritis,34,2.8,6,929,Accidental drowning and submersion,55,2.9,6,330,Hereditary neuromuscular disorders,38,2.4,6,813,Motor vehicle traffic accident involving collision with other vehicle,30,2.2,6,359,Muscular dystrophies and other myopathies,35,3.9,6,G40,Epilepsy,21,2.5,5,V89,Motor- or nonmotor-vehicle accident type of vehicle unspecified,16,3.0
,7,92A,Lobar pneumonia,211,3.5,7,32,Tuberculosis of the central nervous system,105,2.2,7,85,Epilepsy,69,2.1,6,92b(1),Mitral valve disease,58,2.8,7,410,Diseases of mitral valve,30,2.5,7,813,Motor vehicle traffic accident to pedal cyclist,46,2.4,7,819,Motor vehicle traffic accident of unspecified nature,35,2.2,7,988,Injury by other or unspecified means undetermined whether accidentally or purposely inflicted,29,2.1,7,814,Motor vehicle traffic accident involving collision with pedestrian,31,3.5,7,G80,Cerebral palsy,20,2.3,7,C41,Malignant neoplasm of bone and articular cartilage of other and unspecified sites,15,2.8
,8,92B,Pneumonia (type not stated),204,3.4,8,11a(1),Influenza with pulmonary and pneumonic complications,102,2.2,8,92(5),Other or unspecified valve disease,66,2.0,8,121(1),Appendicitis without mention of intestinal obstruction,48,2.3,8,754,Congenital malformations of circulatory system,29,2.4,8,204,Leukaemia and aleukaemia,45,2.4,8,345,Epilepsy,32,2.0,7,204,Lymphoid leukaemia,29,2.1,8,816,Motor vehicle traffic accident due to loss of control without collision on the highway,29,3.3,7,V23,Motorcycle rider injured in collision with car pick-up truck or van,20,2.3,8,X42,Accidental poisoning by and exposure to narcotics and psychodysleptics [hallucinogens] not elsewhere classified,14,2.6
,9,108,Appendicitis,175,2.9,8,51,Rheumatic fever,102,2.2,8,56,Rheumatic fever,66,2.0,9,186,Accidential injury by fall crushing landslide etc.,40,2.0,9,812,Motor vehicle traffic accident to pedestrian,27,2.2,9,241,Asthma,42,2.2,9,204,Lymphatic leukaemia,24,1.5,7,953,Suicide and selfinflicted injury by hanging strangulation and suffocation,29,2.1,9,305,Nondependent abuse of drugs,24,2.7,9,V43,Car occupant injured in collision with car pick-up truck or van,19,2.2,9,C71,Malignant neoplasm of brain,13,2.4
,10,173,Injury in mines & quarries,163,2.7,10,101b,Pneumonia (not otherwise specified),99,2.1,10,92(2),Mitral valve disease,63,1.9,10,174,Accidents in mines and quarries (any cause of death except war),35,1.7,10,353,Epilepsy,25,2.1,10,491,Bronchopneumonia,34,1.8,10,746,Congenital anomalies of heart,22,1.4,10,493,Asthma,23,1.7,10,204,Lymphoid leukaemia,22,2.5,10,V89,Motor- or nonmotor-vehicle accident type of vehicle unspecified,18,2.1,9,G71,Primary disorders of muscles,13,2.4
,,,,,,,,,,,,,,,,,,,,,,,,,,,,,,,,,,,,10,304,Drug dependence,23,1.7,,,,,,,,,,,,,,,
20-24 years,1,28A,Pulmonary tuberculosis,1314,18.2,1,31,Tuberculosis of the respiratory system,1931,35.8,1,23,Tuberculosis of the respiratory system,1459,30.0,1,13b,Tb. of the resp. system without mention of occupational disease of lung,846,37.5,1,815,Motor vehicle traffic accident to rider or passenger of motorcycle in collison with other motor vehicle,256,15.9,1,816,Other motor vehicle traffic accident involving two or more motor vehicles,233,14.0,1,812,Motor vehicle traffic accident involving collision with another motor vehicle,236,13.9,1,812,Other motor vehicle traffic accident involving collision with another motor vehicle,277,15.9,1,812,Other motor vehicle traffic accident involving collision with another motor vehicle,119,7.7,1,X70,Intentional self-harm by hanging strangulation and suffocation,109,9.0,1,X70,Intentional self-harm by hanging strangulation and suffocation,132,13.6
,2,186,Other violence,771,10.7,2,188,Accidental injury by other forms of crushing (road vehicles etc),394,7.3,2,186,Accidental injury by fall crushing etc.,821,16.9,2,170c,Other motor vehicle accidents,101,4.5,2,821,Motor vehicle traffic accident to rider of motorcycle not involving collsion,96,6.0,2,823,Motor vehicle traffic accident involving running off roadway,134,8.0,2,815,Other motor vehicle traffic accident involving collison,120,7.1,2,815,Other motor vehicle traffic accident involving collision on the highway,132,7.6,2,953,Suicide and selfinflicted injury by hanging strangulation and suffocation,109,7.0,2,V47,Car occupant injured in collision with fixed or stationary object,85,7.0,2,X42,Accidental poisoning by and exposure to narcotics and psychodysleptics [hallucinogens] not elsewhere classified,68,7.0
,3,28B,Phthisis (not def. as t.b.),607,8.4,3,101a,Lobar pneumonia,226,4.2,3,108,Lobar pneumonia,197,4.1,3,92b(1),Mitral valve disease,69,3.1,3,592,Chronic nephritis,52,3.2,3,815,Motor vehicle traffic accident to rider or passenger of motorcycle in collison with other motor vehicle,122,7.3,3,816,Non-collision motor vehicle traffic accident due to loss of control,108,6.4,3,953,Suicide and selfinflicted injury by hanging strangulation and suffocation,87,5.0,3,850,Accidental poisoning by analgesics antipyretics antirheumatics,80,5.1,3,V49,Car occupant injured in other and unspecified transport accidents,80,6.6,3,V89,Motor- or nonmotor-vehicle accident type of vehicle unspecified,37,3.8
,4,92A,Lobar pneumonia,296,4.1,4,117,Appendicitis,127,2.4,4,183,Accidental drowning,94,1.9,4,85,Epilepsy,52,2.3,4,929,Accidental drowning and submersion,47,2.9,4,972,Suicide and self-inflicted poisoning by gases in domestic use,58,3.5,4,950,Suicide and self inflicted poisoning by solid or liquid substances,64,3.8,4,816,Motor vehicle traffic accident due to loss of control without collision on the highway,86,4.9,4,815,Other motor vehicle traffic accident involving collision on the highway,74,4.8,4,Y33,Other specified events undetermined intent,49,4.0,4,V49,Car occupant injured in other and unspecified transport accidents,33,3.4
,5,61A,Cerebro-spinal fever,253,3.5,5,11a(1),Influenza with pulmonary and pneumonic complications,116,2.1,5,131,Chronic nephritis,93,1.9,5,131c,Chronic nephritis not otherwise specified,50,2.2,5,860,Accident to personnel in military aircraft,45,2.8,5,821,Motor vehicle traffic accident to rider of motorcycle without antecedent collision,53,3.2,5,814,Motor vehicle traffic accident involving collision with pedestrian,53,3.1,5,952,Suicide and selfinflicted poisoning by other gases and vapours,76,4.4,5,952,Suicide and selfinflicted poisoning by other gases and vapours,72,4.6,5,F11,use of opioids,46,3.8,5,Y20,Hanging strangulation and suffocation undetermined intent,29,3.0
,6,92B,Pneumonia (type not stated),240,3.3,6,101b,Pneumonia (not otherwise specified),115,2.1,6,121,Appendicitis,91,1.9,6,92b(2),Other specified valvular diseases (inc. sequelae of rheumatic fever),49,2.2,6,816,Other motor vehicle traffic accident involving two or more motor vehicles,44,2.7,6,812,Motor vehicle traffic accident to pedestrian,36,2.2,6,910,Accidental drowning and submersion,42,2.5,6,814,Motor vehicle traffic accident involving collision with pedestrian,61,3.5,6,988,Injury by other or unspecified means undetermined whether accidentally or purposely inflicted,68,4.4,6,X42,Accidental poisoning by and exposure to narcotics and psychodysleptics [hallucinogens] not elsewhere classified,32,2.6,6,U50,Coroner's verdict pending,26,2.7
,7,79A,Valvular disease,236,3.3,7,182,Accidental drowning,104,1.9,7,92(2),Mitral valve disease,80,1.6,7,183,Accidental drowning*,46,2.0,7,2,Pulmonary tuberculosis,39,2.4,7,929,Accidental drowning and submersion,33,2.0,7,345,Epilepsy,34,2.0,7,988,Injury by other or unspecified means undetermined whether accidentally or purposely inflicted,43,2.5,7,819,Motor vehicle traffic accident of unspecified nature,46,3.0,7,G40,Epilepsy,31,2.5,6,G40,Epilepsy,26,2.7
,8,175,Injury by other crushing (vehicles railways landslides &c),209,2.9,7,186,Accidental injury in mining and quarrying,104,1.9,7,92(5),Other or unspecified valve disease,80,1.6,8,174,Accidents in mines and quarries (any cause of death except war),35,1.6,8,912,Accident caused by machinery,33,2.1,7,241,Asthma,33,2.0,8,819,Motor vehicle traffic accident of unspecified nature,33,1.9,8,345,Epilepsy,38,2.2,8,983,Hanging strangulation or suffocation undetermined whether accidentally or purposely inflicted,39,2.5,8,V23,Motorcycle rider injured in collision with car pick-up truck or van,28,2.3,8,X81,Intentional self-harm by jumping or lying before moving object,24,2.5
,9,29A,Acute phthisis,176,2.4,9,78,Epilepsy,96,1.8,9,85,Epilepsy,79,1.6,8,106b,Chronic bronchitis,35,1.6,8,204,Leukaemia and aleukaemia,33,2.1,9,592,Chronic nephritis,31,1.9,9,304,Drug dependence,31,1.8,9,359,Muscular dystrophies and other myopathies,32,1.8,8,305,Nondependent abuse of drugs,39,2.5,9,Y20,Hanging strangulation and suffocation undetermined intent,23,1.9,9,X44,Accidental poisoning by and exposure to other and unspecified drugs medicaments and biological substances,22,2.3
,10,169,Accidental drowning,173,2.4,10,90(4),Other or unspecified valve disease,89,1.6,10,91(1),Malignant endocarditis,70,1.4,10,197,Deaths of civilians due to operations of war,34,1.5,10,813,Motor vehicle traffic accident to pedal cyclist,32,2.0,9,353,Epilepsy,31,1.9,9,953,Suicide and self inflicted injury by hanging strangulation and suffocation,31,1.8,10,950,Suicide and selfinflicted poisoning by solid or liquid substances,26,1.5,10,814,Motor vehicle traffic accident involving collision with pedestrian,36,2.3,10,R99,Other ill-defined and unspecified causes of mortality,21,1.7,10,V47,Car occupant injured in collision with fixed or stationary object,20,2.1
,,,,,,,,,,,,,,,,,,,,,,,,,,9,204,Leukaemia and aleukaemia,31,1.9,,,,,,,,,,,10,980,Poisoning by solid or liquid substances undetermined whether accidentally or purposely inflicted,36,2.3,,,,,,,,,,
25-29 years,1,28A,Pulmonary tuberculosis,1515,20.7,1,31,Tuberculosis of the respiratory system,1871,37.2,1,23,Tuberculosis of the respiratory system,1541,30.1,1,13b,Tb. of the resp. system without mention of occupational disease of lung,912,39.2,1,815,Motor vehicle traffic accident to rider or passenger of motorcycle in collison with other motor vehicle,117,6.9,1,816,Other motor vehicle traffic accident involving two or more motor vehicles,146,9.7,1,812,Motor vehicle traffic accident involving collision with another motor vehicle,155,9.7,1,812,Other motor vehicle traffic accident involving collision with another motor vehicle,134,9.5,1,953,Suicide and selfinflicted injury by hanging strangulation and suffocation,144,7.6,1,X70,Intentional self-harm by hanging strangulation and suffocation,116,9.1,1,X70,Intentional self-harm by hanging strangulation and suffocation,153,13.1
,2,28B,Phthisis (not def. as t.b.),652,8.9,2,188,Accidental injury by other forms of crushing (road vehicles etc),299,5.9,2,186,Accidental injury by fall crushing etc.,648,12.7,2,170c,Other motor vehicle accidents,73,3.1,2,2,Pulmonary tuberculosis,104,6.1,2,823,Motor vehicle traffic accident involving running off roadway,78,5.2,2,815,Other motor vehicle traffic accident involving collison,68,4.3,2,952,Suicide and selfinflicted poisoning by other gases and vapours,101,7.2,2,812,Other motor vehicle traffic accident involving collision with another motor vehicle,112,5.9,2,F11,use of opioids,76,6.0,2,X42,Accidental poisoning by and exposure to narcotics and psychodysleptics [hallucinogens] not elsewhere classified,113,9.6
,3,186,Other violence,569,7.8,3,101a,Lobar pneumonia,241,4.8,3,108,Lobar pneumonia,230,4.5,3,92b(1),Mitral valve disease,71,3.1,3,821,Motor vehicle traffic accident to rider of motorcycle not involving collsion,64,3.8,3,241,Asthma,48,3.2,3,816,Non-collision motor vehicle traffic accident due to loss of control,62,3.9,3,815,Other motor vehicle traffic accident involving collision on the highway,71,5.1,2,952,Suicide and selfinflicted poisoning by other gases and vapours,112,5.9,3,X42,Accidental poisoning by and exposure to narcotics and psychodysleptics [hallucinogens] not elsewhere classified,63,5.0,3,V89,Motor- or nonmotor-vehicle accident type of vehicle unspecified,39,3.3
,4,92A,Lobar pneumonia,326,4.5,4,11a(1),Influenza with pulmonary and pneumonic complications,103,2.0,4,121,Appendicitis,110,2.2,4,131c,Chronic nephritis not otherwise specified,56,2.4,4,972,Suicide and self-inflicted poisoning by gases in domestic use,62,3.7,3,970,Suicide and self-inflicted poisoning by analgesic and soporific substances,48,3.2,4,950,Suicide and self inflicted poisoning by solid or liquid substances,61,3.8,4,953,Suicide and selfinflicted injury by hanging strangulation and suffocation,70,5.0,4,988,Injury by other or unspecified means undetermined whether accidentally or purposely inflicted,84,4.4,4,V47,Car occupant injured in collision with fixed or stationary object,35,2.8,4,G40,Epilepsy,30,2.6
,5,92B,Pneumonia (type not stated),305,4.2,4,101b,Pneumonia (not otherwise specified),103,2.0,5,131,Chronic nephritis,100,2.0,5,85,Epilepsy,53,2.3,5,592,Chronic nephritis,54,3.2,5,972,Suicide and self-inflicted poisoning by gases in domestic use,47,3.1,5,186,Malignant neoplasm of testis,48,3.0,5,345,Epilepsy,48,3.4,5,850,Accidental poisoning by analgesics antipyretics antirheumatics,66,3.5,5,V49,Car occupant injured in other and unspecified transport accidents,33,2.6,4,Y20,Hanging strangulation and suffocation undetermined intent,30,2.6
,6,79A,Valvular disease,240,3.3,6,186,Accidental injury in mining and quarrying,98,1.9,6,85,Epilepsy,84,1.6,6,106b,Chronic bronchitis,40,1.7,6,410,Diseases of mitral valve,48,2.8,6,815,Motor vehicle traffic accident to rider or passenger of motorcycle in collison with other motor vehicle,45,3.0,6,953,Suicide and self inflicted injury by hanging strangulation and suffocation,47,2.9,6,816,Motor vehicle traffic accident due to loss of control without collision on the highway,36,2.6,6,950,Suicide and selfinflicted poisoning by solid or liquid substances,55,2.9,5,G40,Epilepsy,33,2.6,6,X44,Accidental poisoning by and exposure to other and unspecified drugs medicaments and biological substances,29,2.5
,7,175,Injury by other crushing (vehicles railways landslides &c),228,3.1,7,78,Epilepsy,82,1.6,7,92(2),Mitral valve disease,83,1.6,7,197,Deaths of civilians due to operations of war,37,1.6,7,201,Hodgkin's disease,43,2.5,7,201,Hodgkin's disease,42,2.8,7,345,Epilepsy,39,2.4,7,950,Suicide and selfinflicted poisoning by solid or liquid substances,34,2.4,7,815,Other motor vehicle traffic accident involving collision on the highway,50,2.6,7,Y20,Hanging strangulation and suffocation undetermined intent,32,2.5,7,C71,Malignant neoplasm of brain,24,2.0
,8,29A,Acute phthisis,173,2.4,8,129,Chronic nephritis (including unspecified over 10 years of age),80,1.6,8,164,Suicide by poisonous gas,82,1.6,8,92b(2),Other specified valvular diseases (inc. sequelae of rheumatic fever),34,1.5,8,929,Accidental drowning and submersion,38,2.2,8,592,Chronic nephritis,38,2.5,8,201,Hodgkin's disease,37,2.3,8,205,Myeloid leukaemia,33,2.3,8,980,Poisoning by solid or liquid substances undetermined whether accidentally or purposely inflicted,47,2.5,8,F19,multiple drug use and use of other psychoactive substances,29,2.3,8,U50,Coroner's verdict pending,23,2.0
,9,10,Influenza,161,2.2,9,90(4),Other or unspecified valve disease,76,1.5,9,92(5),Other or unspecified valve disease,80,1.6,9,174,Accidents in mines and quarries (any cause of death except war),30,1.3,9,816,Other motor vehicle traffic accident involving two or more motor vehicles,35,2.1,9,420,Arteriosclerotic heart disease including coronary disease,36,2.4,9,430,Subarachnoid haemorrhage,34,2.1,9,814,Motor vehicle traffic accident involving collision with pedestrian,31,2.2,9,305,Nondependent abuse of drugs,41,2.2,8,Y33,Other specified events undetermined intent,29,2.3,8,X81,Intentional self-harm by jumping or lying before moving object,23,2.0
,10,169,Accidental drowning,148,2.0,10,117,Appendicitis,74,1.5,10,91(1),Malignant endocarditis,75,1.5,10,108(2),Lobar pneumonia without mention of influenza,27,1.2,10,420,Arteriosclerotic heart disease including coronary disease,30,1.8,9,812,Motor vehicle traffic accident to pedestrian,36,2.4,10,910,Accidental drowning and submersion,33,2.1,10,430,Subarachnoid haemorrhage,28,2.0,10,345,Epilepsy,40,2.1,10,X99,Assault by sharp object,22,1.7,10,R99,Other ill-defined and unspecified causes of mortality,20,1.7
,,,,,,,,,,,,,,,,,,,,,10,204,Leukaemia and aleukaemia,30,1.8,,,,,,,,,,,,,,,,,,,,,,,,,,,,,,
30-34 years,1,28A,Pulmonary tuberculosis,1657,19.8,1,31,Tuberculosis of the respiratory system,1757,32.9,1,23,Tuberculosis of the respiratory system,1424,27.0,1,13b,Tb. of the resp. system without mention of occupational disease of lung,1023,31.4,1,2,Pulmonary tuberculosis,186,8.3,1,420,Arteriosclerotic heart disease including coronary disease,169,9.7,1,410,Acute myocardial infarction,135,8.3,1,952,Suicide and selfinflicted poisoning by other gases and vapours,103,6.7,1,953,Suicide and selfinflicted injury by hanging strangulation and suffocation,144,6.5,1,X70,Intentional self-harm by hanging strangulation and suffocation,174,9.3,1,X42,Accidental poisoning by and exposure to narcotics and psychodysleptics [hallucinogens] not elsewhere classified,199,12.8
,2,28B,Phthisis (not def. as t.b.),756,9.0,2,101a,Lobar pneumonia,341,6.4,2,186,Accidental injury by fall crushing etc.,489,9.3,2,92b(1),Mitral valve disease,118,3.6,2,420,Arteriosclerotic heart disease including coronary disease,103,4.6,2,816,Other motor vehicle traffic accident involving two or more motor vehicles,118,6.8,2,812,Motor vehicle traffic accident involving collision with another motor vehicle,89,5.5,2,953,Suicide and selfinflicted injury by hanging strangulation and suffocation,80,5.2,2,952,Suicide and selfinflicted poisoning by other gases and vapours,118,5.3,2,F11,use of opioids,98,5.2,2,X70,Intentional self-harm by hanging strangulation and suffocation,168,10.8
,3,92A,Lobar pneumonia,428,5.1,3,188,Accidental injury by other forms of crushing (road vehicles etc),219,4.1,3,108,Lobar pneumonia,287,5.5,3,170c,Other motor vehicle accidents,117,3.6,3,972,Suicide and self-inflicted poisoning by gases in domestic use,73,3.2,3,330,Subarachnoid haemorrhage,48,2.8,3,950,Suicide and self inflicted poisoning by solid or liquid substances,59,3.6,3,410,Acute myocardial infarction,79,5.1,3,42,Human immunodeficiency virus (HIV) infection with specified conditions,98,4.4,3,X42,Accidental poisoning by and exposure to narcotics and psychodysleptics [hallucinogens] not elsewhere classified,80,4.3,3,K70,Alcoholic liver disease,60,3.9
,4,186,Other violence,401,4.8,4,101b,Pneumonia (not otherwise specified),132,2.5,4,131,Chronic nephritis,125,2.4,4,197,Deaths of civilians due to operations of war,67,2.1,4,592,Chronic nephritis,68,3.0,4,970,Suicide and self-inflicted poisoning by analgesic and soporific substances,46,2.6,4,186,Malignant neoplasm of testis,38,2.3,4,812,Other motor vehicle traffic accident involving collision with another motor vehicle,77,5.0,4,812,Other motor vehicle traffic accident involving collision with another motor vehicle,70,3.2,4,K70,Alcoholic liver disease,53,2.8,4,X44,Accidental poisoning by and exposure to other and unspecified drugs medicaments and biological substances,56,3.6
,5,92B,Pneumonia (type not stated),372,4.4,5,129,Chronic nephritis (including unspecified over 10 years of age),117,2.2,5,46,Cancer of the digestive organs and peritoneum,124,2.4,5,131c,Chronic nephritis not otherwise specified,60,1.8,5,410,Diseases of mitral valve,63,2.8,5,972,Suicide and self-inflicted poisoning by gases in domestic use,45,2.6,4,816,Non-collision motor vehicle traffic accident due to loss of control,38,2.3,5,191,Malignant neoplasm of brain,49,3.2,5,988,Injury by other or unspecified means undetermined whether accidentally or purposely inflicted,63,2.9,5,F19,multiple drug use and use of other psychoactive substances,48,2.6,5,Y20,Hanging strangulation and suffocation undetermined intent,46,3.0
,6,79A,Valvular disease,338,4.0,5,11a(1),Influenza with pulmonary and pneumonic complications,117,2.2,6,92(2),Mitral valve disease,102,1.9,6,106b,Chronic bronchitis,59,1.8,6,815,Motor vehicle traffic accident to rider or passenger of motorcycle in collison with other motor vehicle,59,2.6,6,410,Diseases of mitral valve,43,2.5,6,485,Bronchopneumonia unspecified,35,2.1,6,345,Epilepsy,44,2.8,6,485,Bronchopneumonia organism unspecified,59,2.7,6,Y33,Other specified events undetermined intent,46,2.5,6,I25,Chronic ischaemic heart disease,32,2.1
,7,175,Injury by other crushing (vehicles railways landslides &c),251,3.0,7,111a,Ulcer of the stomach,96,1.8,7,85,Epilepsy,94,1.8,7,47b,Cancer of the lung and pleura,51,1.6,7,330,Subarachnoid haemorrhage,46,2.0,7,823,Motor vehicle traffic accident involving running off roadway,41,2.4,6,430,Subarachnoid haemorrhage,35,2.1,7,814,Motor vehicle traffic accident involving collision with pedestrian,38,2.5,7,571,Chronic liver disease and cirrhosis,55,2.5,7,Y20,Hanging strangulation and suffocation undetermined intent,42,2.2,6,C71,Malignant neoplasm of brain,32,2.1
,8,67,General paralysis of insane,195,2.3,8,186,Accidental injury in mining and quarrying,90,1.7,8,117a,Ulcer of the stomach,93,1.8,7,85,Epilepsy,51,1.6,8,201,Hodgkin's disease,44,2.0,8,241,Asthma,38,2.2,8,191,Malignant neoplasm of brain,34,2.1,8,950,Suicide and selfinflicted poisoning by solid or liquid substances,33,2.1,8,850,Accidental poisoning by analgesics antipyretics antirheumatics,53,2.4,8,G40,Epilepsy,38,2.0,8,G40,Epilepsy,31,2.0
,9,10,Influenza,193,2.3,9,90(4),Other or unspecified valve disease,88,1.6,9,11a(1),Influenza with respiratory complications with pneumonic complications,90,1.7,7,108(2),Lobar pneumonia without mention of influenza,51,1.6,9,353,Epilepsy,43,1.9,8,193,Malignant neoplasm of brain and other parts of nervous system,38,2.2,9,815,Other motor vehicle traffic accident involving collison,32,2.0,9,980,Poisoning by solid or liquid substances undetermined whether accidentally or purposely inflicted,32,2.1,9,410,Acute myocardial infarction,51,2.3,9,R99,Other ill-defined and unspecified causes of mortality,36,1.9,9,X41,Accidental poisoning by and exposure to antiepileptic sedative-hypnotic antiparkinsonism and psychotropic drugs not elsewhere classified,29,1.9
,10,29A,Acute phthisis,189,2.3,10,78,Epilepsy,83,1.6,10,107,Broncho-pneumonia,88,1.7,10,174,Accidents in mines and quarries (any cause of death except war),47,1.4,10,162,Malignant neoplasm of trachea and of bronchus and lung specified as primary,42,1.9,10,204,Leukaemia and aleukaemia,37,2.1,10,412,Chronic ischaemic heart disease,31,1.9,10,205,Myeloid leukaemia,29,1.9,10,305,Nondependent abuse of drugs,49,2.2,10,C71,Malignant neoplasm of brain,34,1.8,10,J18,Pneumonia organism unspecified,24,1.5
,,,,,,,,,,,,,,,,10,107(2),Broncho-pneumonia without mention of influenza,47,1.4,,,,,,,,,,,10,953,Suicide and self inflicted injury by hanging strangulation and suffocation,31,1.9,,,,,,,,,,,,,,,,,,,,
35-39 years,1,28A,Pulmonary tuberculosis,1904,18.7,1,31,Tuberculosis of the respiratory system,1854,28.0,1,23,Tuberculosis of the respiratory system,1389,23.4,1,13b,Tb. of the resp. system without mention of occupational disease of lung,1066,24.1,1,420,Arteriosclerotic heart disease including coronary disease,295,10.6,1,420,Arteriosclerotic heart disease including coronary disease,596,21.2,1,410,Acute myocardial infarction,333,15.3,1,410,Acute myocardial infarction,291,12.0,1,410,Acute myocardial infarction,131,5.4,1,X70,Intentional self-harm by hanging strangulation and suffocation,215,8.1,1,X42,Accidental poisoning by and exposure to narcotics and psychodysleptics [hallucinogens] not elsewhere classified,279,13.5
,2,28B,Phthisis (not def. as t.b.),899,8.8,2,101a,Lobar pneumonia,464,7.0,2,186,Accidental injury by fall crushing etc.,424,7.1,2,92b(1),Mitral valve disease,132,3.0,2,2,Pulmonary tuberculosis,189,6.8,2,162,Malignant neoplasm of bronchus and trachea and of lung (primary),94,3.3,2,412,Chronic ischaemic heart disease,96,4.4,2,414,Other forms of chronic ischaemic heart disease,124,5.1,2,414,Other forms of chronic ischaemic heart disease,119,4.9,2,K70,Alcoholic liver disease,141,5.3,2,X70,Intentional self-harm by hanging strangulation and suffocation,166,8.1
,3,92B,Pneumonia (type not stated),511,5.0,3,188,Accidental injury by other forms of crushing (road vehicles etc),191,2.9,3,108,Lobar pneumonia,399,6.7,3,47b,Cancer of the lung and pleura,120,2.7,3,410,Diseases of mitral valve,93,3.3,3,816,Other motor vehicle traffic accident involving two or more motor vehicles,84,3.0,3,162,Malignant neoplasm of trachea bronchus and lung,79,3.6,3,952,Suicide and selfinflicted poisoning by other gases and vapours,109,4.5,3,953,Suicide and selfinflicted injury by hanging strangulation and suffocation,111,4.6,3,I25,Chronic ischaemic heart disease,116,4.4,3,K70,Alcoholic liver disease,142,6.9
,4,92A,Lobar pneumonia,495,4.9,4,101b,Pneumonia (not otherwise specified),189,2.9,4,46,Cancer of the digestive organs and peritoneum,238,4.0,4,170c,Other motor vehicle accidents,112,2.5,3,162,Malignant neoplasm of trachea and of bronchus and lung specified as primary,93,3.3,4,193,Malignant neoplasm of brain and other parts of nervous system,64,2.3,4,812,Motor vehicle traffic accident involving collision with another motor vehicle,70,3.2,4,812,Other motor vehicle traffic accident involving collision with another motor vehicle,85,3.5,4,571,Chronic liver disease and cirrhosis,110,4.5,4,I21,Acute myocardial infarction,106,4.0,4,I21,Acute myocardial infarction,64,3.1
,5,79A,Valvular disease,410,4.0,5,76,General paralysis of the insane,177,2.7,5,131,Chronic nephritis,142,2.4,5,106b,Chronic bronchitis,108,2.4,5,592,Chronic nephritis,75,2.7,5,330,Subarachnoid haemorrhage,63,2.2,5,430,Subarachnoid haemorrhage,56,2.6,5,162,Malignant neoplasm of trachea bronchus and lung,78,3.2,5,952,Suicide and selfinflicted poisoning by other gases and vapours,97,4.0,5,F11,use of opioids,98,3.7,5,I25,Chronic ischaemic heart disease,59,2.9
,6,67,General paralysis of insane,337,3.3,5,11a(1),Influenza with pulmonary and pneumonic complications,177,2.7,6,92(2),Mitral valve disease,119,2.0,6,46b,Cancer of the stomach and duodenum,103,2.3,6,972,Suicide and self-inflicted poisoning by gases in domestic use,69,2.5,6,970,Suicide and self-inflicted poisoning by analgesic and soporific substances,62,2.2,5,950,Suicide and self inflicted poisoning by solid or liquid substances,56,2.6,6,953,Suicide and selfinflicted injury by hanging strangulation and suffocation,72,3.0,6,42,Human immunodeficiency virus (HIV) infection with specified conditions,96,3.9,6,X42,Accidental poisoning by and exposure to narcotics and psychodysleptics [hallucinogens] not elsewhere classified,59,2.2,6,X44,Accidental poisoning by and exposure to other and unspecified drugs medicaments and biological substances,53,2.6
,7,175,Injury by other crushing (vehicles railways landslides &c),294,2.9,7,129,Chronic nephritis (including unspecified over 10 years of age),169,2.6,6,117a,Ulcer of the stomach,119,2.0,7,94a,Diseases of the coronary arteries,83,1.9,7,151,Malignant neoplasm of stomach,66,2.4,7,410,Diseases of mitral valve,61,2.2,7,191,Malignant neoplasm of brain,38,1.8,7,430,Subarachnoid haemorrhage,64,2.6,7,485,Bronchopneumonia organism unspecified,68,2.8,7,C71,Malignant neoplasm of brain,58,2.2,7,C71,Malignant neoplasm of brain,52,2.5
,8,79C,Other organic disease of heart,284,2.8,8,111a,Ulcer of the stomach,131,2.0,8,47,Cancer of the respiratory organs,115,1.9,7,108(2),Lobar pneumonia without mention of influenza,83,1.9,8,331,Cerebral haemorrhage,53,1.9,8,972,Suicide and self-inflicted poisoning by gases in domestic use,55,2.0,8,814,Motor vehicle traffic accident involving collision with pedestrian,34,1.6,8,191,Malignant neoplasm of brain,61,2.5,8,812,Other motor vehicle traffic accident involving collision with another motor vehicle,60,2.5,8,I42,Cardiomyopathy,57,2.2,8,Y20,Hanging strangulation and suffocation undetermined intent,34,1.7
,9,89&90B,Other bronchitis,265,2.6,9,49,Cancer of other or unspecifed organs,129,1.9,9,11a(1),Influenza with respiratory complications with pneumonic complications,114,1.9,9,117b,Ulcer of the duodenum,81,1.8,9,502,Chronic bronchitis,49,1.8,9,241,Asthma,52,1.9,8,953,Suicide and self inflicted injury by hanging strangulation and suffocation,34,1.6,9,571,Chronic liver disease and cirrhosis,50,2.1,9,988,Injury by other or unspecified means undetermined whether accidentally or purposely inflicted,52,2.1,9,F19,multiple drug use and use of other psychoactive substances,48,1.8,9,J18,Pneumonia organism unspecified,33,1.6
,10,10,Influenza,260,2.5,10,90(4),Other or unspecified valve disease,124,1.9,10,107,Broncho-pneumonia,113,1.9,10,131c,Chronic nephritis not otherwise specified,80,1.8,9,330,Subarachnoid haemorrhage,49,1.8,10,151,Malignant neoplasm of stomach,50,1.8,10,485,Bronchopneumonia unspecified,33,1.5,10,345,Epilepsy,42,1.7,10,191,Malignant neoplasm of brain,50,2.1,10,Y20,Hanging strangulation and suffocation undetermined intent,44,1.7,10,G40,Epilepsy,30,1.5
40-44 years,1,28A,Pulmonary tuberculosis,1796,15.7,1,31,Tuberculosis of the respiratory system,2056,22.5,1,23,Tuberculosis of the respiratory system,1387,19.3,1,13b,Tb. of the resp. system without mention of occupational disease of lung,1255,19.4,1,420,Arteriosclerotic heart disease including coronary disease,823,16.3,1,420,Arteriosclerotic heart disease including coronary disease,1486,29.0,1,410,Acute myocardial infarction,1029,27.3,1,410,Acute myocardial infarction,653,19.4,1,410,Acute myocardial infarction,343,10.0,1,I25,Chronic ischaemic heart disease,297,8.0,1,X42,Accidental poisoning by and exposure to narcotics and psychodysleptics [hallucinogens] not elsewhere classified,263,8.1
,2,28B,Phthisis (not def. as t.b.),769,6.7,2,101a,Lobar pneumonia,590,6.5,2,46,Cancer of the digestive organs and peritoneum,444,6.2,2,94a,Diseases of the coronary arteries,327,5.0,2,162,Malignant neoplasm of trachea and of bronchus and lung specified as primary,325,6.4,2,162,Malignant neoplasm of bronchus and trachea and of lung (primary),256,5.0,2,412,Chronic ischaemic heart disease,239,6.3,2,414,Other forms of chronic ischaemic heart disease,304,9.1,2,414,Other forms of chronic ischaemic heart disease,292,8.5,2,K70,Alcoholic liver disease,266,7.2,2,X70,Intentional self-harm by hanging strangulation and suffocation,250,7.7
,3,79A,Valvular disease,615,5.4,3,44,Cancer of the pharynx oesophagus stomach liver and annexa,287,3.1,3,108,Lobar pneumonia,442,6.2,3,47b,Cancer of the lung and pleura,319,4.9,3,2,Pulmonary tuberculosis,258,5.1,3,331,Cerebral haemorrhage,137,2.7,3,162,Malignant neoplasm of trachea bronchus and lung,212,5.6,3,162,Malignant neoplasm of trachea bronchus and lung,158,4.7,3,571,Chronic liver disease and cirrhosis,177,5.2,3,I21,Acute myocardial infarction,228,6.1,3,K70,Alcoholic liver disease,239,7.4
,4,92B,Pneumonia (type not stated),523,4.6,4,101b,Pneumonia (not otherwise specified),273,3.0,4,186,Accidental injury by fall crushing etc.,363,5.1,4,106b,Chronic bronchitis,220,3.4,4,151,Malignant neoplasm of stomach,155,3.1,4,163,Malignant neoplasm of lung,113,2.2,4,430,Subarachnoid haemorrhage,109,2.9,4,952,Suicide and selfinflicted poisoning by other gases and vapours,101,3.0,4,162,Malignant neoplasm of trachea bronchus and lung,125,3.7,4,X70,Intentional self-harm by hanging strangulation and suffocation,190,5.1,4,I25,Chronic ischaemic heart disease,207,6.4
,5,92A,Lobar pneumonia,522,4.6,5,129,Chronic nephritis (including unspecified over 10 years of age),263,2.9,5,131,Chronic nephritis,197,2.7,5,46b,Cancer of the stomach and duodenum,219,3.4,5,502,Chronic bronchitis,151,3.0,5,816,Other motor vehicle traffic accident involving two or more motor vehicles,106,2.1,5,812,Motor vehicle traffic accident involving collision with another motor vehicle,76,2.0,5,430,Subarachnoid haemorrhage,81,2.4,5,952,Suicide and selfinflicted poisoning by other gases and vapours,111,3.2,5,C34,Malignant neoplasm of bronchus and lung,114,3.1,5,I21,Acute myocardial infarction,117,3.6
,6,89&90B,Other bronchitis,420,3.7,6,76,General paralysis of the insane,253,2.8,6,93b(3),Other myocardial degeneration,178,2.5,6,83a,Cerebral haemorrhage,180,2.8,6,410,Diseases of mitral valve,147,2.9,6,502,Chronic bronchitis,103,2.0,6,153,Malignant neoplasm of large intestine except rectum,62,1.6,6,571,Chronic liver disease and cirrhosis,66,2.0,6,953,Suicide and selfinflicted injury by hanging strangulation and suffocation,94,2.7,6,R99,Other ill-defined and unspecified causes of mortality,73,2.0,6,C71,Malignant neoplasm of brain,73,2.3
,7,79C,Other organic disease of heart,406,3.5,7,49,Cancer of other or unspecifed organs,226,2.5,7,117a,Ulcer of the stomach,164,2.3,7,117a,Ulcer of the stomach,173,2.7,7,331,Cerebral haemorrhage,115,2.3,7,151,Malignant neoplasm of stomach,102,2.0,6,151,Malignant neoplasm of stomach,62,1.6,6,812,Other motor vehicle traffic accident involving collision with another motor vehicle,66,2.0,7,42,Human immunodeficiency virus (HIV) infection with specified conditions,77,2.3,7,G40,Epilepsy,70,1.9,7,C34,Malignant neoplasm of bronchus and lung,68,2.1
,8,67,General paralysis of insane,329,2.9,8,188,Accidental injury by other forms of crushing (road vehicles etc),215,2.4,8,94,Diseases of the coronary arteries Angina pectoris,162,2.3,8,117b,Ulcer of the duodenum,159,2.5,8,592,Chronic nephritis,104,2.1,8,193,Malignant neoplasm of brain and other parts of nervous system,99,1.9,8,191,Malignant neoplasm of brain,60,1.6,8,153,Malignant neoplasm of colon,65,1.9,8,191,Malignant neoplasm of brain,74,2.2,8,C71,Malignant neoplasm of brain,67,1.8,8,X44,Accidental poisoning by and exposure to other and unspecified drugs medicaments and biological substances,65,2.0
,9,120A,Bright's disease (as 1901 list),325,2.8,9,11a(1),Influenza with pulmonary and pneumonic complications,204,2.2,9,47,Cancer of the respiratory organs,147,2.0,9,92b(1),Mitral valve disease,148,2.3,9,972,Suicide and self-inflicted poisoning by gases in domestic use,100,2.0,8,330,Subarachnoid haemorrhage,99,1.9,9,950,Suicide and self inflicted poisoning by solid or liquid substances,56,1.5,9,191,Malignant neoplasm of brain,64,1.9,9,485,Bronchopneumonia organism unspecified,68,2.0,9,K74,Fibrosis and cirrhosis of liver,63,1.7,8,J18,Pneumonia organism unspecified,65,2.0
,10,175,Injury by other crushing (vehicles railways landslides &c),257,2.2,10,90(4),Other or unspecified valve disease,203,2.2,10,11a(1),Influenza with respiratory complications with pneumonic complications,145,2.0,10,170c,Other motor vehicle accidents,129,2.0,10,163,Malignant neoplasm of lung and of bronchus unspecified as to whether primary or secondary,92,1.8,10,972,Suicide and self-inflicted poisoning by gases in domestic use,97,1.9,10,431,Cerebral haemorrhage,53,1.4,9,953,Suicide and selfinflicted injury by hanging strangulation and suffocation,64,1.9,10,199,Malignant neoplasm without specification of site,59,1.7,10,I60,Subarachnoid hemorrhage,61,1.6,10,R99,Other ill-defined and unspecified causes of mortality,59,1.8
45-49 years,1,28A,Pulmonary tuberculosis,1558,11.8,1,31,Tuberculosis of the respiratory system,2023,17.5,1,23,Tuberculosis of the respiratory system,1447,13.8,1,13b,Tb. of the resp. system without mention of occupational disease of lung,1234,13.6,1,420,Arteriosclerotic heart disease including coronary disease,1811,20.5,1,420,Arteriosclerotic heart disease including coronary disease,2445,32.5,1,410,Acute myocardial infarction,2333,31.7,1,410,Acute myocardial infarction,1461,26.9,1,410,Acute myocardial infarction,806,14.3,1,I25,Chronic ischaemic heart disease,531,10.6,1,I25,Chronic ischaemic heart disease,417,8.2
,2,79A,Valvular disease,762,5.8,2,101a,Lobar pneumonia,607,5.2,2,46,Cancer of the digestive organs and peritoneum,787,7.5,2,94a,Diseases of the coronary arteries,641,7.1,2,162,Malignant neoplasm of trachea and of bronchus and lung specified as primary,731,8.3,2,162,Malignant neoplasm of bronchus and trachea and of lung (primary),571,7.6,2,162,Malignant neoplasm of trachea bronchus and lung,685,9.3,2,414,Other forms of chronic ischaemic heart disease,567,10.4,2,414,Other forms of chronic ischaemic heart disease,639,11.4,2,K70,Alcoholic liver disease,404,8.0,2,K70,Alcoholic liver disease,385,7.6
,3,28B,Phthisis (not def. as t.b.),684,5.2,3,44,Cancer of the pharynx oesophagus stomach liver and annexa,553,4.8,3,108,Lobar pneumonia,613,5.8,3,47b,Cancer of the lung and pleura,596,6.6,3,502,Chronic bronchitis,402,4.5,3,502,Chronic bronchitis,237,3.2,3,412,Chronic ischaemic heart disease,534,7.3,3,162,Malignant neoplasm of trachea bronchus and lung,421,7.8,3,162,Malignant neoplasm of trachea bronchus and lung,347,6.2,3,I21,Acute myocardial infarction,398,7.9,3,I21,Acute myocardial infarction,307,6.1
,4,89&90B,Other bronchitis,683,5.2,4,49,Cancer of other or unspecifed organs,375,3.2,4,186,Accidental injury by fall crushing etc.,452,4.3,4,106b,Chronic bronchitis,464,5.1,4,151,Malignant neoplasm of stomach,375,4.2,4,331,Cerebral haemorrhage,233,3.1,4,151,Malignant neoplasm of stomach,163,2.2,4,571,Chronic liver disease and cirrhosis,104,1.9,4,571,Chronic liver disease and cirrhosis,264,4.7,4,C34,Malignant neoplasm of bronchus and lung,251,5.0,4,X70,Intentional self-harm by hanging strangulation and suffocation,256,5.1
,5,79C,Other organic disease of heart,584,4.4,5,129,Chronic nephritis (including unspecified over 10 years of age),355,3.1,5,94,Diseases of the coronary arteries Angina pectoris,375,3.6,5,46b,Cancer of the stomach and duodenum,367,4.0,5,2,Pulmonary tuberculosis,367,4.2,4,163,Malignant neoplasm of lung,233,3.1,5,430,Subarachnoid haemorrhage,148,2.0,5,191,Malignant neoplasm of brain,101,1.9,5,191,Malignant neoplasm of brain,139,2.5,5,X70,Intentional self-harm by hanging strangulation and suffocation,144,2.9,5,X42,Accidental poisoning by and exposure to narcotics and psychodysleptics [hallucinogens] not elsewhere classified,191,3.8
,6,92A,Lobar pneumonia,576,4.4,6,74a(1),Cerebral haemorrhage so returned,295,2.5,6,93b(3),Other myocardial degeneration,339,3.2,6,83a,Cerebral haemorrhage,343,3.8,6,331,Cerebral haemorrhage,317,3.6,6,151,Malignant neoplasm of stomach,225,3.0,6,491,Chronic bronchitis,140,1.9,6,151,Malignant neoplasm of stomach,96,1.8,5,199,Malignant neoplasm without specification of site,139,2.5,6,C71,Malignant neoplasm of brain,112,2.2,6,C34,Malignant neoplasm of bronchus and lung,183,3.6
,7,92B,Pneumonia (type not stated),557,4.2,7,90(4),Other or unspecified valve disease,286,2.5,7,47,Cancer of the respiratory organs,302,2.9,7,117a,Ulcer of the stomach,214,2.4,7,163,Malignant neoplasm of lung and of bronchus unspecified as to whether primary or secondary,218,2.5,7,330,Subarachnoid haemorrhage,130,1.7,7,153,Malignant neoplasm of large intestine except rectum,127,1.7,7,430,Subarachnoid haemorrhage,84,1.5,7,150,Malignant neoplasm of oesophagus,109,1.9,7,C15,Malignant neoplasm of Esophagus,101,2.0,7,J18,Pneumonia organism unspecified,113,2.2
,8,40,Cancer of stomach liver etc,532,4.0,8,99b,Chronic bronchitis,281,2.4,8,131,Chronic nephritis,289,2.8,8,92b(1),Mitral valve disease,203,2.2,8,410,Diseases of mitral valve,191,2.2,8,410,Diseases of mitral valve,101,1.3,8,431,Cerebral haemorrhage,124,1.7,8,953,Suicide and selfinflicted injury by hanging strangulation and suffocation,82,1.5,8,153,Malignant neoplasm of colon,106,1.9,8,J18,Pneumonia organism unspecified,94,1.9,8,C71,Malignant neoplasm of brain,108,2.1
,9,120A,Bright's disease (as 1901 list),506,3.8,9,101b,Pneumonia (not otherwise specified),279,2.4,9,117a,Ulcer of the stomach,253,2.4,9,93c(3),Other myocardial degeneration,196,2.2,9,330,Subarachnoid haemorrhage,138,1.6,9,491,Bronchopneumonia,98,1.3,9,485,Bronchopneumonia unspecified,118,1.6,9,153,Malignant neoplasm of colon,80,1.5,9,430,Subarachnoid haemorrhage,99,1.8,9,I60,Subarachnoid hemorrhage,78,1.6,9,K74,Fibrosis and cirrhosis of liver,92,1.8
,10,64E,Cerebral haemorrhage,343,2.6,10,11a(1),Influenza with pulmonary and pneumonic complications,265,2.3,10,107,Broncho-pneumonia,237,2.3,10,107(2),Broncho-pneumonia without mention of influenza,170,1.9,10,153,Malignant neoplasm of large intestine except rectum,137,1.5,10,193,Malignant neoplasm of brain and other parts of nervous system,94,1.3,10,191,Malignant neoplasm of brain,107,1.5,10,952,Suicide and selfinflicted poisoning by other gases and vapours,78,1.4,10,485,Bronchopneumonia organism unspecified,91,1.6,10,C80,Malignant neoplasm without specification of site,74,1.5,10,C15,Malignant neoplasm of Esophagus,84,1.7
50-54 years,1,28A,Pulmonary tuberculosis,1280,8.3,1,31,Tuberculosis of the respiratory system,1717,11.9,1,23,Tuberculosis of the respiratory system,1471,10.2,1,13b,Tb. of the resp. system without mention of occupational disease of lung,1287,9.8,1,420,Arteriosclerotic heart disease including coronary disease,3366,22.6,1,420,Arteriosclerotic heart disease including coronary disease,4857,33.4,1,410,Acute myocardial infarction,4558,32.6,1,410,Acute myocardial infarction,2704,28.7,1,410,Acute myocardial infarction,1256,16.1,1,I25,Chronic ischaemic heart disease,832,11.7,1,I25,Chronic ischaemic heart disease,725,9.8
,2,89&90B,Other bronchitis,953,6.2,2,44,Cancer of the pharynx oesophagus stomach liver and annexa,1014,7.0,2,46,Cancer of the digestive organs and peritoneum,1397,9.7,2,94a,Diseases of the coronary arteries,1119,8.6,2,162,Malignant neoplasm of trachea and of bronchus and lung specified as primary,1389,9.3,2,162,Malignant neoplasm of bronchus and trachea and of lung (primary),1307,9.0,2,162,Malignant neoplasm of trachea bronchus and lung,1625,11.6,2,414,Other forms of chronic ischaemic heart disease,1089,11.6,2,414,Other forms of chronic ischaemic heart disease,983,12.6,2,I21,Acute myocardial infarction,644,9.0,2,I21,Acute myocardial infarction,543,7.4
,3,79A,Valvular disease,928,6.0,3,101a,Lobar pneumonia,622,4.3,3,94,Diseases of the coronary arteries Angina pectoris,733,5.1,3,47b,Cancer of the lung and pleura,827,6.3,3,502,Chronic bronchitis,975,6.5,3,502,Chronic bronchitis,751,5.2,3,412,Chronic ischaemic heart disease,1112,8.0,3,162,Malignant neoplasm of trachea bronchus and lung,903,9.6,3,162,Malignant neoplasm of trachea bronchus and lung,719,9.2,3,C34,Malignant neoplasm of bronchus and lung,554,7.8,3,K70,Alcoholic liver disease,495,6.7
,4,79C,Other organic disease of heart,886,5.7,4,49,Cancer of other or unspecifed organs,607,4.2,4,93b(3),Other myocardial degeneration,633,4.4,4,106b,Chronic bronchitis,760,5.8,4,151,Malignant neoplasm of stomach,653,4.4,4,163,Malignant neoplasm of lung,551,3.8,4,491,Chronic bronchitis,430,3.1,4,153,Malignant neoplasm of colon,217,2.3,4,571,Chronic liver disease and cirrhosis,236,3.0,4,K70,Alcoholic liver disease,474,6.7,4,C34,Malignant neoplasm of bronchus and lung,460,6.2
,5,40,Cancer of stomach liver etc,772,5.0,5,129,Chronic nephritis (including unspecified over 10 years of age),526,3.6,5,108,Lobar pneumonia,632,4.4,5,83a,Cerebral haemorrhage,628,4.8,5,331,Cerebral haemorrhage,614,4.1,5,331,Cerebral haemorrhage,536,3.7,5,151,Malignant neoplasm of stomach,375,2.7,5,151,Malignant neoplasm of stomach,201,2.1,5,199,Malignant neoplasm without specification of site,227,2.9,5,C15,Malignant neoplasm of Esophagus,181,2.5,5,X70,Intentional self-harm by hanging strangulation and suffocation,210,2.9
,6,120A,Bright's disease (as 1901 list),669,4.3,6,74a(1),Cerebral haemorrhage so returned,514,3.5,6,131,Chronic nephritis,561,3.9,6,46b,Cancer of the stomach and duodenum,602,4.6,6,2,Pulmonary tuberculosis,503,3.4,6,151,Malignant neoplasm of stomach,502,3.5,6,431,Cerebral haemorrhage,259,1.9,6,199,Malignant neoplasm without specification of site,179,1.9,6,153,Malignant neoplasm of colon,208,2.7,6,J18,Pneumonia organism unspecified,154,2.2,6,J18,Pneumonia organism unspecified,178,2.4
,7,92B,Pneumonia (type not stated),642,4.1,7,45,Cancer of the peritoneum intestines and rectum,476,3.3,7,47,Cancer of the respiratory organs,455,3.2,7,93c(3),Other myocardial degeneration,410,3.1,7,163,Malignant neoplasm of lung and of bronchus unspecified as to whether primary or secondary,437,2.9,7,153,Malignant neoplasm of large intestine except rectum,214,1.5,7,153,Malignant neoplasm of large intestine except rectum,220,1.6,7,436,Acute but ill-defined cerebrovascular disease,177,1.9,7,150,Malignant neoplasm of oesophagus,180,2.3,7,C80,Malignant neoplasm without specification of site,141,2.0,7,C25,Malignant neoplasm of pancreas,170,2.3
,8,28B,Phthisis (not def. as t.b.),628,4.1,8,90(4),Other or unspecified valve disease,448,3.1,8,186,Accidental injury by fall crushing etc.,446,3.1,8,117a,Ulcer of the stomach,266,2.0,8,332,Cerebral embolism and thrombosis,235,1.6,8,330,Subarachnoid haemorrhage,196,1.3,8,485,Bronchopneumonia unspecified,216,1.5,8,571,Chronic liver disease and cirrhosis,153,1.6,8,191,Malignant neoplasm of brain,149,1.9,8,C18,Malignant neoplasm of colon,138,1.9,8,C15,Malignant neoplasm of Esophagus,163,2.2
,9,92A,Lobar pneumonia,593,3.8,9,90(7),Other or unspecified myocardial disease,411,2.8,9,82a(1),Cerebral haemorrhage so returned,404,2.8,9,46c,Cancer of the intestines other than duodenum or rectum,247,1.9,9,410,Diseases of mitral valve,221,1.5,9,332,Cerebal embolism and thrombosis,179,1.2,9,436,Acute but ill-defined cerebrovascular disease,192,1.4,9,157,Malignant neoplasm of pancreas,136,1.4,9,202,Other malignant neoplasm of lymphoid and histiocytic tissue,142,1.8,9,C71,Malignant neoplasm of brain,125,1.8,9,J44,Other chronic obstructive pulmonary disease,162,2.2
,10,64E,Cerebral haemorrhage,570,3.7,10,99b,Chronic bronchitis,383,2.6,10,117a,Ulcer of the stomach,341,2.4,10,108(2),Lobar pneumonia without mention of influenza,236,1.8,10,491,Bronchopneumonia,217,1.5,10,157,Malignant neoplasm of pancreas,173,1.2,10,157,Malignant neoplasm of pancreas,185,1.3,10,154,Malignant neoplasm of rectum rectosigmoid junction and anus,135,1.4,10,157,Malignant neoplasm of pancreas,136,1.7,9,C25,Malignant neoplasm of pancreas,125,1.8,10,C71,Malignant neoplasm of brain,161,2.2
55-59 years,1,89&90B,Other bronchitis,1503,8.4,1,44,Cancer of the pharynx oesophagus stomach liver and annexa,1263,7.5,1,46,Cancer of the digestive organs and peritoneum,2233,11.6,1,94a,Diseases of the coronary arteries,1819,9.6,1,420,Arteriosclerotic heart disease including coronary disease,4570,22.6,1,420,Arteriosclerotic heart disease including coronary disease,7608,32.4,1,410,Acute myocardial infarction,5706,30.4,1,410,Acute myocardial infarction,4723,28.3,1,410,Acute myocardial infarction,2151,18.1,1,I25,Chronic ischaemic heart disease,1456,12.4,1,I25,Chronic ischaemic heart disease,1045,10.5
,2,79C,Other organic disease of heart,1284,7.2,2,31,Tuberculosis of the respiratory system,1239,7.3,2,23,Tuberculosis of the respiratory system,1303,6.8,2,106b,Chronic bronchitis,1269,6.7,2,162,Malignant neoplasm of trachea and of bronchus and lung specified as primary,1938,9.6,2,162,Malignant neoplasm of bronchus and trachea and of lung (primary),2328,9.9,2,162,Malignant neoplasm of trachea bronchus and lung,2466,13.1,2,162,Malignant neoplasm of trachea bronchus and lung,2144,12.8,2,414,Other forms of chronic ischaemic heart disease,1578,13.3,2,C34,Malignant neoplasm of bronchus and lung,1128,9.6,2,C34,Malignant neoplasm of bronchus and lung,858,8.6
,3,79A,Valvular disease,1189,6.7,3,74a(1),Cerebral haemorrhage so returned,839,5.0,3,94,Diseases of the coronary arteries Angina pectoris,1069,5.5,3,13b,Tb. of the resp. system without mention of occupational disease of lung,1227,6.5,3,502,Chronic bronchitis,1630,8.0,3,502,Chronic bronchitis,1653,7.0,3,412,Chronic ischaemic heart disease,1401,7.5,3,414,Other forms of chronic ischaemic heart disease,1871,11.2,3,162,Malignant neoplasm of trachea bronchus and lung,1284,10.8,3,I21,Acute myocardial infarction,1102,9.4,3,I21,Acute myocardial infarction,705,7.1
,4,40,Cancer of stomach liver etc,1030,5.8,4,49,Cancer of other or unspecifed organs,795,4.7,4,93b(3),Other myocardial degeneration,1055,5.5,4,47b,Cancer of the lung and pleura,1158,6.1,4,331,Cerebral haemorrhage,965,4.8,4,163,Malignant neoplasm of lung,980,4.2,4,491,Chronic bronchitis,790,4.2,4,151,Malignant neoplasm of stomach,408,2.4,4,199,Malignant neoplasm without specification of site,346,2.9,4,K70,Alcoholic liver disease,494,4.2,4,K70,Alcoholic liver disease,483,4.8
,5,28A,Pulmonary tuberculosis,961,5.4,5,45,Cancer of the peritoneum intestines and rectum,683,4.0,5,108,Lobar pneumonia,732,3.8,5,83a,Cerebral haemorrhage,1086,5.7,5,151,Malignant neoplasm of stomach,837,4.1,5,151,Malignant neoplasm of stomach,916,3.9,5,151,Malignant neoplasm of stomach,536,2.9,5,436,Acute but ill-defined cerebrovascular disease,400,2.4,5,153,Malignant neoplasm of colon,319,2.7,5,C15,Malignant neoplasm of Esophagus,415,3.5,5,C15,Malignant neoplasm of Esophagus,367,3.7
,6,64E,Cerebral haemorrhage,887,5.0,6,129,Chronic nephritis (including unspecified over 10 years of age),677,4.0,6,82a(1),Cerebral haemorrhage so returned,706,3.7,6,46b,Cancer of the stomach and duodenum,947,5.0,6,163,Malignant neoplasm of lung and of bronchus unspecified as to whether primary or secondary,690,3.4,6,331,Cerebral haemorrhage,883,3.8,6,431,Cerebral haemorrhage,379,2.0,6,153,Malignant neoplasm of colon,363,2.2,6,571,Chronic liver disease and cirrhosis,273,2.3,6,J44,Other chronic obstructive pulmonary disease,297,2.5,6,J44,Other chronic obstructive pulmonary disease,289,2.9
,7,120A,Bright's disease (as 1901 list),815,4.6,7,90(7),Other or unspecified myocardial disease,597,3.5,7,131,Chronic nephritis,670,3.5,7,93c(3),Other myocardial degeneration,759,4.0,7,2,Pulmonary tuberculosis,525,2.6,7,332,Cerebal embolism and thrombosis,479,2.0,7,485,Bronchopneumonia unspecified,366,1.9,7,199,Malignant neoplasm without specification of site,317,1.9,7,150,Malignant neoplasm of oesophagus,272,2.3,7,C25,Malignant neoplasm of pancreas,280,2.4,7,C25,Malignant neoplasm of pancreas,260,2.6
,8,92B,Pneumonia (type not stated),627,3.5,8,101a,Lobar pneumonia,561,3.3,8,47,Cancer of the respiratory organs,631,3.3,8,93c(1),Cardio-vascular degeneration,458,2.4,8,332,Cerebral embolism and thrombosis,472,2.3,8,491,Bronchopneumonia,356,1.5,8,436,Acute but ill-defined cerebrovascular disease,344,1.8,8,496,Chronic airways obstruction not elsewhere classified,310,1.9,8,157,Malignant neoplasm of pancreas,244,2.1,8,C18,Malignant neoplasm of colon,279,2.4,8,J18,Pneumonia organism unspecified,245,2.5
,9,92A,Lobar pneumonia,545,3.1,9,90(4),Other or unspecified valve disease,557,3.3,9,93c,Myocarditis not returned as acute or chronic,512,2.7,9,83bc,Cerebral embolism thrombosis and softening,393,2.1,9,422,Other myocardial degeneration,417,2.1,9,153,Malignant neoplasm of large intestine except rectum,351,1.5,9,153,Malignant neoplasm of large intestine except rectum,318,1.7,9,150,Malignant neoplasm of oesophagus,280,1.7,9,496,Chronic airways obstruction not elsewhere classified,228,1.9,9,C80,Malignant neoplasm without specification of site,266,2.3,9,C18,Malignant neoplasm of colon,217,2.2
,10,45,Cancer of other or unspecified organs,525,2.9,10,99b,Chronic bronchitis,512,3.0,10,186,Accidental injury by fall crushing etc.,508,2.6,10,117a,Ulcer of the stomach,387,2.0,10,491,Bronchopneumonia,324,1.6,10,154,Malignant neoplasm of rectum,286,1.2,10,157,Malignant neoplasm of pancreas,263,1.4,10,491,Chronic bronchitis,258,1.5,10,151,Malignant neoplasm of stomach,224,1.9,10,J18,Pneumonia organism unspecified,212,1.8,10,C80,Malignant neoplasm without specification of site,204,2.0
60-64 years,1,89&90B,Other bronchitis,2203,10.5,1,44,Cancer of the pharynx oesophagus stomach liver and annexa,1606,7.8,1,46,Cancer of the digestive organs and peritoneum,3212,13.0,1,94a,Diseases of the coronary arteries,2512,9.7,1,420,Arteriosclerotic heart disease including coronary disease,6121,22.6,1,420,Arteriosclerotic heart disease including coronary disease,10943,31.4,1,410,Acute myocardial infarction,9170,28.4,1,410,Acute myocardial infarction,7773,26.8,1,410,Acute myocardial infarction,3457,18.3,1,I25,Chronic ischaemic heart disease,2026,13.0,1,C34,Malignant neoplasm of bronchus and lung,1552,10.8
,2,79C,Other organic disease of heart,1856,8.9,2,74a(1),Cerebral haemorrhage so returned,1261,6.1,2,93b(3),Other myocardial degeneration,1726,7.0,2,106b,Chronic bronchitis,1814,7.0,2,502,Chronic bronchitis,2315,8.6,2,162,Malignant neoplasm of bronchus and trachea and of lung (primary),3295,9.5,2,162,Malignant neoplasm of trachea bronchus and lung,4455,13.8,2,162,Malignant neoplasm of trachea bronchus and lung,3907,13.5,2,414,Other forms of chronic ischaemic heart disease,2643,14.0,2,C34,Malignant neoplasm of bronchus and lung,1826,11.7,2,I25,Chronic ischaemic heart disease,1525,10.6
,3,79A,Valvular disease,1537,7.4,3,90(7),Other or unspecified myocardial disease,1018,4.9,3,94,Diseases of the coronary arteries Angina pectoris,1369,5.6,3,83a,Cerebral haemorrhage,1662,6.4,3,162,Malignant neoplasm of trachea and of bronchus and lung specified as primary,2051,7.6,3,502,Chronic bronchitis,3070,8.8,3,412,Chronic ischaemic heart disease,2369,7.3,3,414,Other forms of chronic ischaemic heart disease,3337,11.5,3,162,Malignant neoplasm of trachea bronchus and lung,2146,11.3,3,I21,Acute myocardial infarction,1488,9.6,3,I21,Acute myocardial infarction,982,6.8
,4,64E,Cerebral haemorrhage,1232,5.9,4,31,Tuberculosis of the respiratory system,951,4.6,4,82a(1),Cerebral haemorrhage so returned,1031,4.2,4,93c(3),Other myocardial degeneration,1368,5.3,4,331,Cerebral haemorrhage,1359,5.0,4,331,Cerebral haemorrhage,1548,4.4,4,491,Chronic bronchitis,1774,5.5,4,436,Acute but ill-defined cerebrovascular disease,916,3.2,4,496,Chronic airways obstruction not elsewhere classified,594,3.1,4,J44,Other chronic obstructive pulmonary disease,648,4.2,4,J44,Other chronic obstructive pulmonary disease,676,4.7
,5,40,Cancer of stomach liver etc,1206,5.8,5,49,Cancer of other or unspecifed organs,942,4.6,5,131,Chronic nephritis,931,3.8,5,46b,Cancer of the stomach and duodenum,1239,4.8,5,151,Malignant neoplasm of stomach,1108,4.1,5,163,Malignant neoplasm of lung,1390,4.0,5,151,Malignant neoplasm of stomach,984,3.0,5,496,Chronic airways obstruction not elsewhere classified,770,2.7,5,199,Malignant neoplasm without specification of site,570,3.0,5,C15,Malignant neoplasm of Esophagus,517,3.3,5,C15,Malignant neoplasm of Esophagus,523,3.6
,6,120A,Bright's disease (as 1901 list),911,4.4,6,45,Cancer of the peritoneum intestines and rectum,928,4.5,6,23,Tuberculosis of the respiratory system,904,3.7,6,47b,Cancer of the lung and pleura,1186,4.6,6,422,Other myocardial degeneration,1015,3.8,6,151,Malignant neoplasm of stomach,1219,3.5,6,436,Acute but ill-defined cerebrovascular disease,833,2.6,6,151,Malignant neoplasm of stomach,691,2.4,6,153,Malignant neoplasm of colon,508,2.7,6,C80,Malignant neoplasm without specification of site,402,2.6,6,K70,Alcoholic liver disease,447,3.1
,7,92B,Pneumonia (type not stated),715,3.4,7,99b,Chronic bronchitis,776,3.8,7,93c,Myocarditis not returned as acute or chronic,770,3.1,7,13b,Tb. of the resp. system without mention of occupational disease of lung,1025,4.0,7,332,Cerebral embolism and thrombosis,989,3.7,7,332,Cerebal embolism and thrombosis,1148,3.3,7,485,Bronchopneumonia unspecified,765,2.4,7,491,Chronic bronchitis,653,2.3,7,436,Acute but ill-defined cerebrovascular disease,504,2.7,7,K70,Alcoholic liver disease,374,2.4,7,C25,Malignant neoplasm of pancreas,382,2.6
,8,28A,Pulmonary tuberculosis,678,3.2,8,129,Chronic nephritis (including unspecified over 10 years of age),767,3.7,8,93b(2),Cardio-vascular degeneration,692,2.8,8,93c(1),Cardio-vascular degeneration,962,3.7,8,163,Malignant neoplasm of lung and of bronchus unspecified as to whether primary or secondary,778,2.9,8,491,Bronchopneumonia,631,1.8,8,431,Cerebral haemorrhage,672,2.1,8,199,Malignant neoplasm without specification of site,551,1.9,8,150,Malignant neoplasm of oesophagus,409,2.2,8,C61,Malignant neoplasm of prostate,359,2.3,8,C61,Malignant neoplasm of prostate,373,2.6
,9,41,Cancer of peritoneum intestines & rectum,634,3.0,9,90(4),Other or unspecified valve disease,726,3.5,9,108,Lobar pneumonia,672,2.7,9,83bc,Cerebral embolism thrombosis and softening,775,3.0,9,443,Other and unspecified hypertensive heart disease,540,2.0,9,153,Malignant neoplasm of large intestine except rectum,473,1.4,9,433,Cerebral thrombosis,506,1.6,9,153,Malignant neoplasm of colon,540,1.9,9,151,Malignant neoplasm of stomach,406,2.1,9,C18,Malignant neoplasm of colon,339,2.2,9,J18,Pneumonia organism unspecified,363,2.5
,10,45,Cancer of other or unspecified organs,622,3.0,10,91b(2),Arterio-sclerosis without record of cerebral vascular lesion,639,3.1,10,47,Cancer of the respiratory organs,641,2.6,10,46c,Cancer of the intestines other than duodenum or rectum,643,2.5,10,2,Pulmonary tuberculosis,521,1.9,10,422,Other myocardial degeneration,436,1.3,10,153,Malignant neoplasm of large intestine except rectum,501,1.6,10,441,Aortic aneurysm,449,1.5,10,185,Malignant neoplasm of prostate,404,2.1,10,C25,Malignant neoplasm of pancreas,315,2.0,10,C80,Malignant neoplasm without specification of site,335,2.3
65-69 years,1,89&90B,Other bronchitis,2673,12.3,1,44,Cancer of the pharynx oesophagus stomach liver and annexa,1645,7.1,1,46,Cancer of the digestive organs and peritoneum,3582,12.5,1,94a,Diseases of the coronary arteries,2867,9.0,1,420,Arteriosclerotic heart disease including coronary disease,7362,21.3,1,420,Arteriosclerotic heart disease including coronary disease,11116,28.7,1,410,Acute myocardial infarction,11799,26.2,1,410,Acute myocardial infarction,8840,25.2,1,410,Acute myocardial infarction,5569,18.4,1,I25,Chronic ischaemic heart disease,2740,12.9,1,C34,Malignant neoplasm of bronchus and lung,2493,11.2
,2,79C,Other organic disease of heart,2191,10.0,2,74a(1),Cerebral haemorrhage so returned,1555,6.7,2,93b(3),Other myocardial degeneration,2503,8.7,2,83a,Cerebral haemorrhage,2471,7.7,2,502,Chronic bronchitis,3009,8.7,2,502,Chronic bronchitis,3795,9.8,2,162,Malignant neoplasm of trachea bronchus and lung,5672,12.6,2,162,Malignant neoplasm of trachea bronchus and lung,4453,12.7,2,414,Other forms of chronic ischaemic heart disease,3955,13.1,2,C34,Malignant neoplasm of bronchus and lung,2363,11.1,2,I25,Chronic ischaemic heart disease,2249,10.1
,3,79A,Valvular disease,1629,7.5,3,90(7),Other or unspecified myocardial disease,1511,6.5,3,94,Diseases of the coronary arteries Angina pectoris,1507,5.2,3,93c(3),Other myocardial degeneration,2420,7.6,3,331,Cerebral haemorrhage,1945,5.6,3,162,Malignant neoplasm of bronchus and trachea and of lung (primary),3213,8.3,3,412,Chronic ischaemic heart disease,3481,7.7,3,414,Other forms of chronic ischaemic heart disease,3896,11.1,3,162,Malignant neoplasm of trachea bronchus and lung,3513,11.6,3,I21,Acute myocardial infarction,2078,9.8,3,I21,Acute myocardial infarction,1357,6.1
,4,64E,Cerebral haemorrhage,1434,6.6,4,91b(2),Arterio-sclerosis without record of cerebral vascular lesion,1113,4.8,4,82a(1),Cerebral haemorrhage so returned,1371,4.8,4,106b,Chronic bronchitis,1999,6.2,4,422,Other myocardial degeneration,1931,5.6,4,332,Cerebal embolism and thrombosis,1886,4.9,4,491,Chronic bronchitis,2968,6.6,4,436,Acute but ill-defined cerebrovascular disease,1536,4.4,4,496,Chronic airways obstruction not elsewhere classified,1296,4.3,4,J44,Other chronic obstructive pulmonary disease,1080,5.1,4,J44,Other chronic obstructive pulmonary disease,1291,5.8
,5,40,Cancer of stomach liver etc,1196,5.5,5,45,Cancer of the peritoneum intestines and rectum,1056,4.5,5,93b(2),Cardio-vascular degeneration,1226,4.3,5,93c(1),Cardio-vascular degeneration,1731,5.4,5,332,Cerebral embolism and thrombosis,1916,5.6,5,331,Cerebral haemorrhage,1859,4.8,5,485,Bronchopneumonia unspecified,1635,3.6,5,496,Chronic airways obstruction not elsewhere classified,1193,3.4,5,436,Acute but ill-defined cerebrovascular disease,1075,3.5,5,C61,Malignant neoplasm of prostate,704,3.3,5,C61,Malignant neoplasm of prostate,842,3.8
,6,120A,Bright's disease (as 1901 list),914,4.2,6,99b,Chronic bronchitis,1003,4.3,6,93c,Myocarditis not returned as acute or chronic,1048,3.6,6,46b,Cancer of the stomach and duodenum,1432,4.5,6,162,Malignant neoplasm of trachea and of bronchus and lung specified as primary,1836,5.3,6,163,Malignant neoplasm of lung,1419,3.7,6,436,Acute but ill-defined cerebrovascular disease,1472,3.3,6,151,Malignant neoplasm of stomach,913,2.6,6,199,Malignant neoplasm without specification of site,1000,3.3,6,C80,Malignant neoplasm without specification of site,560,2.6,6,C15,Malignant neoplasm of Esophagus,794,3.6
,7,81B,Arterial sclerosis,824,3.8,7,90(4),Other or unspecified valve disease,930,4.0,7,131,Chronic nephritis,1018,3.5,7,83bc,Cerebral embolism thrombosis and softening,1284,4.0,7,151,Malignant neoplasm of stomach,1326,3.8,7,151,Malignant neoplasm of stomach,1285,3.3,7,151,Malignant neoplasm of stomach,1423,3.2,7,491,Chronic bronchitis,906,2.6,7,185,Malignant neoplasm of prostate,850,2.8,7,C18,Malignant neoplasm of colon,551,2.6,7,C25,Malignant neoplasm of pancreas,614,2.7
,8,41,Cancer of peritoneum intestines & rectum,672,3.1,8,49,Cancer of other or unspecifed organs,906,3.9,8,97(1),Arterio-sclerosis with cerebral haemorrhage,810,2.8,8,47b,Cancer of the lung and pleura,954,3.0,8,443,Other and unspecified hypertensive heart disease,867,2.5,8,491,Bronchopneumonia,984,2.5,8,433,Cerebral thrombosis,1073,2.4,8,185,Malignant neoplasm of prostate,745,2.1,8,153,Malignant neoplasm of colon,791,2.6,8,C15,Malignant neoplasm of Esophagus,534,2.5,8,J18,Pneumonia organism unspecified,537,2.4
,9,92B,Pneumonia (type not stated),563,2.6,9,129,Chronic nephritis (including unspecified over 10 years of age),848,3.6,9,137,Diseases of the prostate,778,2.7,9,46c,Cancer of the intestines other than duodenum or rectum,901,2.8,9,163,Malignant neoplasm of lung and of bronchus unspecified as to whether primary or secondary,795,2.3,9,422,Other myocardial degeneration,788,2.0,9,431,Cerebral haemorrhage,925,2.1,9,153,Malignant neoplasm of colon,693,2.0,9,441,Aortic aneurysm,773,2.6,9,I64,Stroke not specified as hemorrhage or infarction,503,2.4,9,C80,Malignant neoplasm without specification of site,532,2.4
,10,45,Cancer of other or unspecified organs,548,2.5,10,90(9),Heart disease (undefined),784,3.4,10,51,Cancer of the male genito-urinary organs,685,2.4,10,137a,Hypertrophy of prostate,826,2.6,10,491,Bronchopneumonia,747,2.2,10,434,Other and unspecified diseases of heart,567,1.5,10,153,Malignant neoplasm of large intestine except rectum,794,1.8,10,441,Aortic aneurysm,682,1.9,10,485,Bronchopneumonia organism unspecified,758,2.5,10,C25,Malignant neoplasm of pancreas,470,2.2,10,C18,Malignant neoplasm of colon,458,2.0
70-74 years,1,89&90B,Other bronchitis,3347,14.6,1,74a(1),Cerebral haemorrhage so returned,1965,8.1,1,46,Cancer of the digestive organs and peritoneum,3278,10.8,1,93c(3),Other myocardial degeneration,3727,10.7,1,420,Arteriosclerotic heart disease including coronary disease,7772,19.3,1,420,Arteriosclerotic heart disease including coronary disease,10947,26.7,1,410,Acute myocardial infarction,11957,23.1,1,410,Acute myocardial infarction,11788,23.3,1,410,Acute myocardial infarction,7554,17.1,1,I25,Chronic ischaemic heart disease,3744,12.6,1,C34,Malignant neoplasm of bronchus and lung,2810,10.3
,2,154B,Senile decay,2400,10.5,2,90(7),Other or unspecified myocardial disease,1835,7.6,2,93b(3),Other myocardial degeneration,3245,10.7,2,83a,Cerebral haemorrhage,2792,8.0,2,422,Other myocardial degeneration,4083,10.1,2,502,Chronic bronchitis,3756,9.2,2,162,Malignant neoplasm of trachea bronchus and lung,5344,10.3,2,162,Malignant neoplasm of trachea bronchus and lung,5415,10.7,2,414,Other forms of chronic ischaemic heart disease,5709,12.9,2,I21,Acute myocardial infarction,2923,9.8,2,I25,Chronic ischaemic heart disease,2673,9.8
,3,79C,Other organic disease of heart,2249,9.8,3,164(2),Other forms of senile decay,1475,6.1,3,93b(2),Cardio-vascular degeneration,1752,5.8,3,94a,Diseases of the coronary arteries,2675,7.7,3,502,Chronic bronchitis,3021,7.5,3,332,Cerebal embolism and thrombosis,2720,6.6,3,412,Chronic ischaemic heart disease,4114,7.9,3,414,Other forms of chronic ischaemic heart disease,5408,10.7,3,162,Malignant neoplasm of trachea bronchus and lung,4492,10.2,3,C34,Malignant neoplasm of bronchus and lung,2890,9.7,3,J44,Other chronic obstructive pulmonary disease,1920,7.0
,4,64E,Cerebral haemorrhage,1674,7.3,4,91b(2),Arterio-sclerosis without record of cerebral vascular lesion,1462,6.0,4,82a(1),Cerebral haemorrhage so returned,1613,5.3,4,93c(1),Cardio-vascular degeneration,2532,7.3,4,332,Cerebral embolism and thrombosis,2848,7.1,4,162,Malignant neoplasm of bronchus and trachea and of lung (primary),2298,5.6,4,491,Chronic bronchitis,3889,7.5,4,436,Acute but ill-defined cerebrovascular disease,2850,5.6,4,496,Chronic airways obstruction not elsewhere classified,2409,5.4,4,J44,Other chronic obstructive pulmonary disease,1642,5.5,4,I21,Acute myocardial infarction,1610,5.9
,5,79A,Valvular disease,1560,6.8,5,44,Cancer of the pharynx oesophagus stomach liver and annexa,1270,5.2,5,94,Diseases of the coronary arteries Angina pectoris,1405,4.6,5,83bc,Cerebral embolism thrombosis and softening,1723,4.9,5,331,Cerebral haemorrhage,2378,5.9,5,331,Cerebral haemorrhage,2029,4.9,5,485,Bronchopneumonia unspecified,2937,5.7,5,496,Chronic airways obstruction not elsewhere classified,1932,3.8,5,436,Acute but ill-defined cerebrovascular disease,2163,4.9,5,C61,Malignant neoplasm of prostate,1280,4.3,5,C61,Malignant neoplasm of prostate,1198,4.4
,6,81B,Arterial sclerosis,953,4.2,6,99b,Chronic bronchitis,1162,4.8,6,93c,Myocarditis not returned as acute or chronic,1207,4.0,6,106b,Chronic bronchitis,1719,4.9,6,151,Malignant neoplasm of stomach,1373,3.4,6,491,Bronchopneumonia,1573,3.8,6,436,Acute but ill-defined cerebrovascular disease,1979,3.8,6,491,Chronic bronchitis,1557,3.1,6,485,Bronchopneumonia organism unspecified,1641,3.7,6,I64,Stroke not specified as hemorrhage or infarction,957,3.2,6,C15,Malignant neoplasm of Esophagus,854,3.1
,7,40,Cancer of stomach liver etc,945,4.1,7,99c99d,Bronchitis not distinguished as acute or chronic,998,4.1,7,137,Diseases of the prostate,1092,3.6,7,46b,Cancer of the stomach and duodenum,1357,3.9,7,162,Malignant neoplasm of trachea and of bronchus and lung specified as primary,1329,3.3,7,422,Other myocardial degeneration,1496,3.6,7,433,Cerebral thrombosis,1777,3.4,7,185,Malignant neoplasm of prostate,1402,2.8,7,185,Malignant neoplasm of prostate,1593,3.6,7,J18,Pneumonia organism unspecified,846,2.8,7,J18,Pneumonia organism unspecified,749,2.7
,8,120A,Bright's disease (as 1901 list),744,3.2,8,45,Cancer of the peritoneum intestines and rectum,899,3.7,8,131,Chronic nephritis,1065,3.5,8,137a,Hypertrophy of prostate,1206,3.5,8,491,Bronchopneumonia,1108,2.7,8,151,Malignant neoplasm of stomach,1279,3.1,8,151,Malignant neoplasm of stomach,1451,2.8,8,151,Malignant neoplasm of stomach,1191,2.4,8,441,Aortic aneurysm,1335,3.0,8,I71,Aortic aneurysm and dissection,799,2.7,8,C25,Malignant neoplasm of pancreas,657,2.4
,9,10,Influenza,544,2.4,9,90(9),Heart disease (undefined),844,3.5,9,97(3),Arterio-sclerosis without record of cerebral vascular lesion,957,3.2,9,97,Arteriosclerosis (ex. coronary or renal sclerosis or cerebral haemorrhage,1066,3.1,9,443,Other and unspecified hypertensive heart disease,1080,2.7,9,163,Malignant neoplasm of lung,1049,2.6,9,431,Cerebral haemorrhage,1070,2.1,9,441,Aortic aneurysm,1148,2.3,9,199,Malignant neoplasm without specification of site,1276,2.9,9,C80,Malignant neoplasm without specification of site,781,2.6,9,C80,Malignant neoplasm without specification of site,557,2.0
,10,41,Cancer of peritoneum intestines & rectum,538,2.3,10,129,Chronic nephritis (including unspecified over 10 years of age),810,3.3,10,97(1),Arterio-sclerosis with cerebral haemorrhage,924,3.1,10,46c,Cancer of the intestines other than duodenum or rectum,1003,2.9,10,450,General arteriosclerosis,836,2.1,10,177,Malignant neoplasm of prostate,775,1.9,10,185,Malignant neoplasm of prostate,979,1.9,10,153,Malignant neoplasm of colon,956,1.9,10,153,Malignant neoplasm of colon,967,2.2,10,C18,Malignant neoplasm of colon,763,2.6,10,C18,Malignant neoplasm of colon,536,2.0
75-79 years,1,154B,Senile decay,3493,18.5,1,164(2),Other forms of senile decay,2434,12.0,1,93b(3),Other myocardial degeneration,3587,13.5,1,93c(3),Other myocardial degeneration,4445,14.0,1,420,Arteriosclerotic heart disease including coronary disease,6635,15.8,1,420,Arteriosclerotic heart disease including coronary disease,9335,23.6,1,410,Acute myocardial infarction,8735,19.9,1,410,Acute myocardial infarction,11093,20.4,1,410,Acute myocardial infarction,7111,15.9,1,I25,Chronic ischaemic heart disease,4944,12.6,1,I25,Chronic ischaemic heart disease,3471,9.7
,2,89&90B,Other bronchitis,2858,15.1,2,90(7),Other or unspecified myocardial disease,1641,8.1,2,46,Cancer of the digestive organs and peritoneum,2088,7.9,2,93c(1),Cardio-vascular degeneration,2769,8.7,2,422,Other myocardial degeneration,6395,15.2,2,502,Chronic bronchitis,3278,8.3,2,412,Chronic ischaemic heart disease,3659,8.3,2,414,Other forms of chronic ischaemic heart disease,5497,10.1,2,414,Other forms of chronic ischaemic heart disease,5736,12.9,2,I21,Acute myocardial infarction,3655,9.3,2,C34,Malignant neoplasm of bronchus and lung,3089,8.6
,3,79C,Other organic disease of heart,1732,9.2,3,74a(1),Cerebral haemorrhage so returned,1475,7.3,3,93b(2),Cardio-vascular degeneration,1668,6.3,3,83a,Cerebral haemorrhage,2468,7.8,3,332,Cerebral embolism and thrombosis,3580,8.5,3,332,Cerebal embolism and thrombosis,3135,7.9,3,485,Bronchopneumonia unspecified,3540,8.1,3,162,Malignant neoplasm of trachea bronchus and lung,4733,8.7,3,162,Malignant neoplasm of trachea bronchus and lung,3587,8.0,3,C34,Malignant neoplasm of bronchus and lung,3279,8.3,3,J44,Other chronic obstructive pulmonary disease,2443,6.8
,4,64E,Cerebral haemorrhage,1297,6.9,4,91b(2),Arterio-sclerosis without record of cerebral vascular lesion,1440,7.1,4,162b,Other forms of senile decay,1625,6.1,4,94a,Diseases of the coronary arteries,1887,6.0,4,502,Chronic bronchitis,2548,6.1,4,422,Other myocardial degeneration,2548,6.4,4,162,Malignant neoplasm of trachea bronchus and lung,3410,7.8,4,436,Acute but ill-defined cerebrovascular disease,3803,7.0,4,436,Acute but ill-defined cerebrovascular disease,2826,6.3,4,J44,Other chronic obstructive pulmonary disease,2548,6.5,4,I21,Acute myocardial infarction,1973,5.5
,5,79A,Valvular disease,1027,5.4,5,99c99d,Bronchitis not distinguished as acute or chronic,1056,5.2,5,82a(1),Cerebral haemorrhage so returned,1299,4.9,5,83bc,Cerebral embolism thrombosis and softening,1697,5.4,5,331,Cerebral haemorrhage,2468,5.9,5,491,Bronchopneumonia,2142,5.4,5,491,Chronic bronchitis,3401,7.8,5,496,Chronic airways obstruction not elsewhere classified,2348,4.3,5,496,Chronic airways obstruction not elsewhere classified,2581,5.8,5,C61,Malignant neoplasm of prostate,1740,4.4,5,C61,Malignant neoplasm of prostate,1737,4.8
,6,81B,Arterial sclerosis,849,4.5,6,99b,Chronic bronchitis,948,4.7,6,93c,Myocarditis not returned as acute or chronic,1145,4.3,6,162c,Senility without mention of senile dementia,1586,5.0,6,491,Bronchopneumonia,1461,3.5,6,331,Cerebral haemorrhage,1904,4.8,6,436,Acute but ill-defined cerebrovascular disease,1871,4.3,6,491,Chronic bronchitis,1870,3.4,6,485,Bronchopneumonia organism unspecified,2530,5.7,6,I64,Stroke not specified as hemorrhage or infarction,1737,4.4,6,J18,Pneumonia organism unspecified,1339,3.7
,7,120A,Bright's disease (as 1901 list),540,2.9,7,44,Cancer of the pharynx oesophagus stomach liver and annexa,782,3.9,7,137,Diseases of the prostate,1136,4.3,7,106b,Chronic bronchitis,1497,4.7,7,450,General arteriosclerosis,1363,3.2,7,162,Malignant neoplasm of bronchus and trachea and of lung (primary),1354,3.4,7,433,Cerebral thrombosis,1779,4.1,7,185,Malignant neoplasm of prostate,1610,3.0,7,185,Malignant neoplasm of prostate,1851,4.1,7,J18,Pneumonia organism unspecified,1525,3.9,7,F03,Unspecified dementia,1117,3.1
,8,40,Cancer of stomach liver etc,518,2.7,8,90(9),Heart disease (undefined),679,3.3,8,97(3),Arterio-sclerosis without record of cerebral vascular lesion,1066,4.0,8,137a,Hypertrophy of prostate,1260,4.0,8,151,Malignant neoplasm of stomach,1179,2.8,8,151,Malignant neoplasm of stomach,1005,2.5,8,427,Symptomatic heart disease,1020,2.3,8,485,Bronchopneumonia organism unspecified,1442,2.6,8,441,Aortic aneurysm,1283,2.9,8,I71,Aortic aneurysm and dissection,1030,2.6,8,I64,Stroke not specified as hemorrhage or infarction,964,2.7
,9,10,Influenza,436,2.3,9,135,Diseases of the prostate,636,3.1,9,94,Diseases of the coronary arteries Angina pectoris,924,3.5,9,97,Arteriosclerosis (ex. coronary or renal sclerosis or cerebral haemorrhage,1189,3.8,9,443,Other and unspecified hypertensive heart disease,1135,2.7,9,450,General arteriosclerosis,940,2.4,9,185,Malignant neoplasm of prostate,993,2.3,9,151,Malignant neoplasm of stomach,1200,2.2,9,199,Malignant neoplasm without specification of site,1139,2.6,9,C80,Malignant neoplasm without specification of site,884,2.2,9,J84,Other interstitial pulmonary diseases,721,2.0
,10,41,Cancer of peritoneum intestines & rectum,367,1.9,10,90(4),Other or unspecified valve disease,607,3.0,10,131,Chronic nephritis,835,3.2,10,46b,Cancer of the stomach and duodenum,856,2.7,10,610,Hyperplasia of prostate,1089,2.6,10,177,Malignant neoplasm of prostate,924,2.3,10,151,Malignant neoplasm of stomach,978,2.2,10,441,Aortic aneurysm,1154,2.1,10,153,Malignant neoplasm of colon,870,1.9,10,C18,Malignant neoplasm of colon,827,2.1,10,C80,Malignant neoplasm without specification of site,720,2.0
80+ years,1,154B,Senile decay,6675,34.7,1,164(2),Other forms of senile decay,5217,24.7,1,93b(3),Other myocardial degeneration,4258,16.3,1,93c(3),Other myocardial degeneration,6889,20.4,1,422,Other myocardial degeneration,12619,24.4,1,420,Arteriosclerotic heart disease including coronary disease,9704,17.5,1,410,Acute myocardial infarction,8828,14.5,1,410,Acute myocardial infarction,11663,15.6,1,485,Bronchopneumonia organism unspecified,11635,12.4,1,I25,Chronic ischaemic heart disease,11788,11.8,1,I25,Chronic ischaemic heart disease,10860,8.8
,2,89&90B,Other bronchitis,2974,15.4,2,90(7),Other or unspecified myocardial disease,1777,8.4,2,162b,Other forms of senile decay,3810,14.6,2,162c,Senility without mention of senile dementia,3832,11.3,2,420,Arteriosclerotic heart disease including coronary disease,5349,10.3,2,422,Other myocardial degeneration,7030,12.7,2,485,Bronchopneumonia unspecified,8137,13.4,2,414,Other forms of chronic ischaemic heart disease,7557,10.1,2,410,Acute myocardial infarction,11591,12.4,2,J18,Pneumonia organism unspecified,8199,8.2,2,F03,Unspecified dementia,9341,7.6
,3,79C,Other organic disease of heart,1315,6.8,3,91b(2),Arterio-sclerosis without record of cerebral vascular lesion,1625,7.7,3,93b(2),Cardio-vascular degeneration,1910,7.3,3,93c(1),Cardio-vascular degeneration,3361,9.9,3,332,Cerebral embolism and thrombosis,4630,8.9,3,332,Cerebal embolism and thrombosis,5152,9.3,3,412,Chronic ischaemic heart disease,5930,9.8,3,485,Bronchopneumonia organism unspecified,5515,7.4,3,414,Other forms of chronic ischaemic heart disease,10660,11.4,3,I21,Acute myocardial infarction,7821,7.8,3,J18,Pneumonia organism unspecified,9289,7.5
,4,64E,Cerebral haemorrhage,995,5.2,4,99c99d,Bronchitis not distinguished as acute or chronic,1371,6.5,4,97(3),Arterio-sclerosis without record of cerebral vascular lesion,1394,5.3,4,83a,Cerebral haemorrhage,2059,6.1,4,331,Cerebral haemorrhage,2591,5.0,4,491,Bronchopneumonia,4562,8.2,4,491,Chronic bronchitis,3724,6.1,4,436,Acute but ill-defined cerebrovascular disease,5359,7.2,4,436,Acute but ill-defined cerebrovascular disease,7146,7.6,4,I64,Stroke not specified as hemorrhage or infarction,5628,5.6,4,J44,Other chronic obstructive pulmonary disease,7071,5.7
,5,81B,Arterial sclerosis,889,4.6,5,74a(1),Cerebral haemorrhage so returned,1238,5.9,5,46,Cancer of the digestive organs and peritoneum,1149,4.4,5,97,Arteriosclerosis (ex. coronary or renal sclerosis or cerebral haemorrhage,1750,5.2,5,794,Senility without mention of psychosis,2451,4.7,5,502,Chronic bronchitis,3223,5.8,5,433,Cerebral thrombosis,3171,5.2,5,162,Malignant neoplasm of trachea bronchus and lung,3759,5.0,5,496,Chronic airways obstruction not elsewhere classified,5120,5.5,5,J44,Other chronic obstructive pulmonary disease,5526,5.5,5,C61,Malignant neoplasm of prostate,6199,5.0
,6,79A,Valvular disease,653,3.4,6,99b,Chronic bronchitis,866,4.1,6,93c,Myocarditis not returned as acute or chronic,1070,4.1,6,83bc,Cerebral embolism thrombosis and softening,1658,4.9,6,450,General arteriosclerosis,2405,4.6,6,450,General arteriosclerosis,2495,4.5,6,436,Acute but ill-defined cerebrovascular disease,2520,4.1,6,496,Chronic airways obstruction not elsewhere classified,3044,4.1,6,162,Malignant neoplasm of trachea bronchus and lung,4133,4.4,6,C61,Malignant neoplasm of prostate,4679,4.7,6,I21,Acute myocardial infarction,5542,4.5
,7,10,Influenza,456,2.4,7,99a,Acute bronchitis,600,2.8,7,137,Diseases of the prostate,1065,4.1,7,106b,Chronic bronchitis,1480,4.4,7,502,Chronic bronchitis,2356,4.6,7,331,Cerebral haemorrhage,2377,4.3,7,440,Arteriosclerosis,2168,3.6,7,491,Chronic bronchitis,2728,3.6,7,185,Malignant neoplasm of prostate,3897,4.2,7,C34,Malignant neoplasm of bronchus and lung,4331,4.3,7,C34,Malignant neoplasm of bronchus and lung,5018,4.1
,8,126,Diseases of prostate,324,1.7,8,135,Diseases of the prostate,580,2.7,8,82a(1),Cerebral haemorrhage so returned,954,3.7,8,137a,Hypertrophy of prostate,1330,3.9,8,491,Bronchopneumonia,2233,4.3,8,334,Other and ill-defined vascular lesions affecting central nervous system,1774,3.2,8,427,Symptomatic heart disease,2120,3.5,8,185,Malignant neoplasm of prostate,2276,3.0,8,428,Heart failure,2155,2.3,8,I67,Other cerebrovascular diseases,2767,2.8,8,I64,Stroke not specified as hemorrhage or infarction,4329,3.5
,9,64A,Apoplexy,311,1.6,9,90(9),Heart disease (undefined),551,2.6,9,106c,Bronchitis not distinguished as acute or chronic,710,2.7,9,94a,Diseases of the coronary arteries,1185,3.5,9,610,Hyperplasia of prostate,1675,3.2,9,434,Other and unspecified diseases of heart,1446,2.6,9,162,Malignant neoplasm of trachea bronchus and lung,2110,3.5,9,434,Occlusion of cerebral arteries,1886,2.5,9,441,Aortic aneurysm,1944,2.1,9,F03,Unspecified dementia,2622,2.6,9,F01,Vascular dementia,3904,3.2
,10,120A,Bright's disease (as 1901 list),266,1.4,10,91b(1),Arterio-sclerosis with cerebral vascular lesion,410,1.9,10,131,Chronic nephritis,627,2.4,10,107(2),Broncho-pneumonia without mention of influenza,632,1.9,10,443,Other and unspecified hypertensive heart disease,1131,2.2,10,177,Malignant neoplasm of prostate,1285,2.3,10,428,Other myocardial insufficiency,1946,3.2,10,290,Senile and presenile organic psychotic conditions,1638,2.2,10,199,Malignant neoplasm without specification of site,1704,1.8,10,I50,Heart failure,2506,2.5,10,G30,Alzheimer's disease,3663,3.0
,,,,,,,,,,,,,,,,10,93d,Myocarditis not distinguished as acute or chronic,632,1.9,,,,,,,,,,,,,,,,,,,,,,,,,,,,,,,,,,,