1-4 years,1,6,Measles,5544,20.9,1,100,Broncho-pneumonia,2693,20.4,1,107,Broncho-pneumonia,1003,18.5,1,107(2),Broncho-pneumonia without mention of influenza,380,13.1,1,491,Bronchopneumonia,135,10.9,1,491,Bronchopneumonia,167,13.8,1,746,Congenital anomalies of heart,84,11.7,1,745,Bulbus cordis anomalies and anomalies of cardiac septal closure,49,9.9,1,36,Meningococcal infection,24,7.1,1,A39,Meningococcal infection,11,5.0,1,R99,Other ill-defined and unspecified causes of mortality,9,4.4
,2,91,Broncho-pneumonia,4135,15.6,2,7,Measles,1785,13.5,2,10,Diphtheria,560,10.3,2,14,Tuberculosis of the meninges and central nervous system,287,9.9,2,812,Motor vehicle traffic accident to pedestrian,78,6.3,2,812,Motor vehicle traffic accident to pedestrian,79,6.5,2,485,Bronchopneumonia unspecified,37,5.2,2,746,Other congenital anomalies of heart,28,5.6,2,814,Motor vehicle traffic accident involving collision with pedestrian,15,4.4,2,E75,Disorders of sphingolipid metabolism and other lipid storage disorders,9,4.1,2,J98,Other respiratory disorders,7,3.4
,3,8,Whooping cough,2397,9.0,2,9,Whooping cough,1785,13.5,3,7,Measles,441,8.1,3,35,Measles,189,6.5,3,754,Congenital malformations of circulatory system,76,6.1,3,754,Congenital malformations of circulatory system,69,5.7,3,814,Motor vehicle traffic accident involving collision with pedestrian,31,4.3,3,814,Motor vehicle traffic accident involving collision with pedestrian,19,3.8,3,746,Other congenital anomalies of heart,13,3.8,3,G80,Cerebral palsy,8,3.6,3,I42,Cardiomyopathy,6,3.0
,4,89&90B,Other bronchitis,1632,6.2,4,10,Diphtheria,664,5.0,4,9,Whooping cough,407,7.5,4,9,Whooping cough,162,5.6,4,204,Leukaemia and aleukaemia,75,6.0,4,204,Leukaemia and aleukaemia,63,5.2,4,9,Diarrhoeal disease,23,3.2,4,798,Sudden death cause unknown,14,2.8,4,343,Infantile cerebral palsy,12,3.5,3,Q24,Other congenital malformations of heart,8,3.6,3,B34,Viral infection of unspecified site,6,3.0
,5,9A,Diphtheria,1324,5.0,5,113114(3),Other diseases included under diarrhoea and enteritis,613,4.7,5,24,Tuberculosis of the central nervous system,294,5.4,5,181,Accidental burns (conflagration excepted)*,133,4.6,5,85,Measles,52,4.2,5,916,Accident caused by fire and explosion of combustible material,54,4.5,5,204,Lymphatic leukaemia,20,2.8,5,890,Conflagration in private dwelling,13,2.6,4,742,Other congenital anomalies of nervous system,12,3.5,3,J18,Pneumonia organism unspecified,8,3.6,5,G80,Cerebral palsy,5,2.5
,6,30,Tuberculous meningitis,1121,4.2,6,32,Tuberculosis of the central nervous system,599,4.5,6,119120a(2),Other diarrhoea and enteritis,204,3.8,6,170c,Other motor vehicle accidents,116,4.0,6,916,Accident caused by fire and explosion of combustible material,48,3.9,6,571,Gastro-enteritis and colitis except ulcerative age 4 weeks and over,40,3.3,5,741,Spina bifida,20,2.8,5,36,Meningococcal infection,13,2.6,6,485,Bronchopneumonia organism unspecified,11,3.2,6,Q21,Congenital malformations of cardiac septa,7,3.2,5,U50,Coroner's verdict pending,5,2.5
,7,92B,Pneumonia (type not stated),1073,4.0,7,101b,Pneumonia (not otherwise specified),382,2.9,7,108,Lobar pneumonia,193,3.6,7,10,Diphtheria,108,3.7,7,751,Spina bifida and meningocele,35,2.8,7,193,Malignant neoplasm of brain and other parts of nervous system,34,2.8,7,36,Meningococcal infection,18,2.5,7,194,Malignant neoplasm of other endocrine glands and related structures,11,2.2,7,890,Conflagration in private dwelling,8,2.4,6,C74,Malignant neoplasm of adrenal gland,7,3.2,5,E75,Disorders of sphingolipid metabolism and other lipid storage disorders,5,2.5
,8,61C,Meningitis other forms,603,2.3,8,99a,Acute bronchitis,350,2.7,8,181,Accidental burns (conflagration excepted),174,3.2,8,119a,Enteritis and diarrhoea without mention of ulceration (<2yrs),77,2.6,8,571,Gastro-enteritis and colitis except ulcerative age 4 weeks and over,32,2.6,8,751,Spina bifida and meningocele,33,2.7,8,910,Accidental drowning and submersion,16,2.2,7,742,Other congenital anomalies of nervous system,11,2.2,7,191,Malignant neoplasm of brain,8,2.4,6,R99,Other ill-defined and unspecified causes of mortality,7,3.2,5,Q24,Other congenital malformations of heart,5,2.5
,9,104A,Infective enteritis,578,2.2,9,101a,Lobar pneumonia,302,2.3,9,109,Pneumonia (not otherwise defined),130,2.4,9,13b,Tb. of the resp. system without mention of occupational disease of lung,74,2.5,9,57,Meningococcal infections,31,2.5,9,500,Acute bronchitis,32,2.6,9,890,Accident caused by conflagration in private dwelling,15,2.1,9,425,Cardiomyopathy,10,2.0,7,239,Neoplasm of unspecified nature,8,2.4,6,Q91,Trisomy 18 and Trisomy 13,7,3.2,5,R96,Other sudden death cause unknown,5,2.5
,10,7,Scarlet fever,566,2.1,10,99c99d,Bronchitis not distinguished as acute or chronic,289,2.2,10,186,Accidental injury by fall crushing etc.,129,2.4,10,108(2),Lobar pneumonia without mention of influenza,70,2.4,10,193,Malignant neoplasm of brain and other parts of nervous system,26,2.1,9,85,Measles,32,2.6,9,913,Accidental mechanical suffocation,15,2.1,9,191,Malignant neoplasm of brain,10,2.0,10,425,Cardiomyopathy,7,2.1,10,G00,Bacterial meningitis not elsewhere classified,5,2.3,10,I40,Acute myocarditis,4,2.0
,,,,,,,,,,,,,,,,,,,,,,,,,,,,,,,9,345,Epilepsy,15,2.1,9,751,Other congenital anomalies of digestive system,10,2.0,10,330,Cerebral degenerations usually manifest in childhood,7,2.1,10,G12,Spinal muscular atrophy and related syndromes,5,2.3,10,G40,Epilepsy,4,2.0
,,,,,,,,,,,,,,,,,,,,,,,,,,,,,,,9,320,Meningitis,15,2.1,,,,,,10,345,Epilepsy,7,2.1,10,X00,Unintentional: fire/flames/hot objects,5,2.3,10,C91,Lymphoid leukemia,4,2.0
,,,,,,,,,,,,,,,,,,,,,,,,,,,,,,,,,,,,,,,,,10,988,Injury by other or unspecified means undetermined whether accidentally or purposely inflicted,7,2.1,,,,,,10,A41,Other septicaemia,4,2.0
,,,,,,,,,,,,,,,,,,,,,,,,,,,,,,,,,,,,,,,,,,,,,,,,,,,10,J18,Pneumonia organism unspecified,4,2.0
,,,,,,,,,,,,,,,,,,,,,,,,,,,,,,,,,,,,,,,,,,,,,,,,,,,10,A40,Streptococcal septicaemia,4,2.0
,,,,,,,,,,,,,,,,,,,,,,,,,,,,,,,,,,,,,,,,,,,,,,,,,,,10,J22,Unspecified acute lower respiratory infection,4,2.0
5-9 years,1,9A,Diphtheria,1218,17.0,1,10,Diphtheria,515,13.9,1,10,Diphtheria,797,27.7,1,170c,Other motor vehicle accidents,159,11.3,1,812,Motor vehicle traffic accident to pedestrian,75,11.5,1,812,Motor vehicle traffic accident to pedestrian,73,13.9,1,814,Motor vehicle traffic accident involving collision with pedestrian,54,11.7,1,814,Motor vehicle traffic accident involving collision with pedestrian,38,14.6,1,191,Malignant neoplasm of brain,15,7.8,1,C71,Malignant neoplasm of brain,16,11.9,1,C71,Malignant neoplasm of brain,13,10.2
,2,6,Measles,687,9.6,2,100,Broncho-pneumonia,242,6.5,2,186,Accidental injury by fall crushing etc.,173,6.0,2,14,Tuberculosis of the meninges and central nervous system,149,10.6,2,204,Leukaemia and aleukaemia,47,7.2,2,204,Leukaemia and aleukaemia,54,10.3,2,746,Congenital anomalies of heart,35,7.6,2,191,Malignant neoplasm of brain,17,6.5,2,814,Motor vehicle traffic accident involving collision with pedestrian,9,4.7,2,G80,Cerebral palsy,7,5.2,2,G80,Cerebral palsy,6,4.7
,3,30,Tuberculous meningitis,493,6.9,3,32,Tuberculosis of the central nervous system,234,6.3,3,24,Tuberculosis of the central nervous system,157,5.5,3,10,Diphtheria,132,9.4,3,916,Accident caused by fire and explosion of combustible material,35,5.4,3,754,Congenital malformations of circulatory system,42,8.0,3,204,Lymphatic leukaemia,32,6.9,3,745,Bulbus cordis anomalies and anomalies of cardiac septal closure,14,5.4,3,204,Lymphoid leukaemia,7,3.6,3,E75,Disorders of sphingolipid metabolism and other lipid storage disorders,5,3.7,3,E75,Disorders of sphingolipid metabolism and other lipid storage disorders,5,3.9
,4,91,Broncho-pneumonia,349,4.9,4,7,Measles,202,5.5,4,107,Broncho-pneumonia,118,4.1,4,181,Accidental burns (conflagration excepted)*,62,4.4,4,754,Congenital malformations of circulatory system,30,4.6,4,193,Malignant neoplasm of brain and other parts of nervous system,37,7.1,4,273,Other and unspecified congenital disorders of metabolism,27,5.8,4,277,Other and unspecified disorders of metabolism,12,4.6,3,746,Other congenital anomalies of heart,7,3.6,3,G40,Epilepsy,5,3.7,4,J10,Influenza due to identified influenza virus,4,3.1
,5,7,Scarlet fever,339,4.7,5,117,Appendicitis,150,4.1,5,56,Rheumatic fever,87,3.0,5,197,Deaths of civilians due to operations of war,58,4.1,5,491,Bronchopneumonia,29,4.5,5,491,Bronchopneumonia,31,5.9,5,191,Malignant neoplasm of brain,23,5.0,5,204,Lymphoid leukaemia,10,3.8,5,343,Infantile cerebral palsy,6,3.1,3,Y33,Other specified events undetermined intent,5,3.7,4,C74,Malignant neoplasm of adrenal gland,4,3.1
,6,167,Burns (not conflagration),285,4.0,6,31,Tuberculosis of the respiratory system,148,4.0,6,8,Scarlet fever,80,2.8,6,121(1),Appendicitis without mention of intestinal obstruction,57,4.1,6,193,Malignant neoplasm of brain and other parts of nervous system,24,3.7,6,916,Accident caused by fire and explosion of combustible material,23,4.4,6,485,Bronchopneumonia unspecified,20,4.3,6,742,Other congenital anomalies of nervous system,8,3.1,5,194,Malignant neoplasm of other endocrine glands and related structures,6,3.1,6,J45,Asthma,4,3.0,4,I60,Subarachnoid hemorrhage,4,3.1
,7,61C,Meningitis other forms,233,3.3,7,188,Accidental injury by other forms of crushing (road vehicles etc),135,3.7,7,108,Lobar pneumonia,78,2.7,7,107(2),Broncho-pneumonia without mention of influenza,39,2.8,7,353,Epilepsy,17,2.6,7,353,Epilepsy,12,2.3,7,741,Spina bifida,16,3.5,7,205,Myeloid leukaemia,7,2.7,7,171,Malignant neoplasm of connective and other soft tissue,5,2.6,6,C91,Lymphoid leukemia,4,3.0,7,C41,Malignant neoplasm of bone and articular cartilage of other and unspecified sites,3,2.4
,8,92B,Pneumonia (type not stated),231,3.2,8,8,Scarlet fever,131,3.5,8,121,Appendicitis,77,2.7,8,13b,Tb. of the resp. system without mention of occupational disease of lung,38,2.7,8,929,Accidental drowning and submersion,16,2.5,8,929,Accidental drowning and submersion,11,2.1,8,205,Myeloid leukaemia,15,3.2,8,988,Injury by other or unspecified means undetermined whether accidentally or purposely inflicted,6,2.3,7,36,Meningococcal infection,5,2.6,6,C74,Malignant neoplasm of adrenal gland,4,3.0,7,C49,Malignant neoplasm of other connective and soft tissue,3,2.4
,9,28A,Pulmonary tuberculosis,213,3.0,9,51,Rheumatic fever,119,3.2,9,7,Measles,70,2.4,9,35,Measles,32,2.3,9,237,Neoplasm of unspecified nature of brain and other parts of nervous system,13,2.0,8,587,Diseases of pancreas,11,2.1,9,238,Neoplasm of unspecified nature of eyebrain and other parts of nervous system,9,1.9,8,194,Malignant neoplasm of other endocrine glands and related structures,6,2.3,7,747,Other congenital anomalies of circulatory system,5,2.6,6,C49,Malignant neoplasm of other connective and soft tissue,4,3.0,7,Q04,Other congenital malformations of brain,3,2.4
,10,92A,Lobar pneumonia,179,2.5,10,101a,Lobar pneumonia,117,3.2,10,115(3),Diseases of the tonsils,69,2.4,10,58b,Acute rheumatic endocarditis,28,2.0,10,550,Acute appendicitis,11,1.7,8,816,Other motor vehicle traffic accident involving two or more motor vehicles,11,2.1,9,743,Other congenital anomalies of nervous system,9,1.9,8,746,Other congenital anomalies of heart,6,2.3,7,742,Other congenital anomalies of nervous system,5,2.6,6,Q04,Other congenital malformations of brain,4,3.0,7,J98,Other respiratory disorders,3,2.4
,,,,,,,,,,,,,,,,10,157c,Congenital malformation of heart,28,2.0,10,80,Acute poliomyelitis,11,1.7,,,,,,,,,,,,,,,,,,,,,,,,,,7,V03,Pedestrian injured in collision with car pick-up truck or van,3,2.4
,,,,,,,,,,,,,,,,,,,,,10,180,Malignant neoplasm of kidney,11,1.7,,,,,,,,,,,,,,,,,,,,,,,,,,7,V09,Pedestrian injured in other and unspecified transport accidents,3,2.4
,,,,,,,,,,,,,,,,,,,,,10,10,Tuberculosis of meninges and central nervous system,11,1.7,,,,,,,,,,,,,,,,,,,,,,,,,,7,J18,Pneumonia organism unspecified,3,2.4
10-14 years,1,28A,Pulmonary tuberculosis,485,11.5,1,31,Tuberculosis of the respiratory system,518,17.8,1,10,Diphtheria,227,10.4,1,14,Tuberculosis of the meninges and central nervous system,97,8.9,1,204,Leukaemia and aleukaemia,29,6.1,1,812,Motor vehicle traffic accident to pedestrian,41,9.0,1,814,Motor vehicle traffic accident involving collision with pedestrian,35,9.9,1,814,Motor vehicle traffic accident involving collision with pedestrian,36,11.7,1,814,Motor vehicle traffic accident involving collision with pedestrian,20,8.8,1,G80,Cerebral palsy,14,7.4,1,C71,Malignant neoplasm of brain,7,5.4
,2,79A,Valvular disease,284,6.8,2,51,Rheumatic fever,222,7.6,2,23,Tuberculosis of the respiratory system,215,9.8,2,13b,Tb. of the resp. system without mention of occupational disease of lung,94,8.7,2,812,Motor vehicle traffic accident to pedestrian,28,5.9,2,754,Congenital malformations of circulatory system,37,8.1,2,746,Congenital anomalies of heart,21,5.9,2,277,Other and unspecified disorders of metabolism,18,5.8,2,191,Malignant neoplasm of brain,13,5.8,2,C71,Malignant neoplasm of brain,12,6.3,2,G80,Cerebral palsy,6,4.7
,3,9A,Diphtheria,246,5.9,3,32,Tuberculosis of the central nervous system,150,5.1,3,56,Rheumatic fever,117,5.3,3,170c,Other motor vehicle accidents,56,5.2,3,754,Congenital malformations of circulatory system,25,5.2,3,204,Leukaemia and aleukaemia,35,7.7,3,273,Other and unspecified congenital disorders of metabolism,18,5.1,3,204,Lymphoid leukaemia,15,4.9,3,277,Other and unspecified disorders of metabolism,10,4.4,3,C41,Malignant neoplasm of bone and articular cartilage of other and unspecified sites,8,4.2,3,J45,Asthma,5,3.9
,4,30,Tuberculous meningitis,234,5.6,4,10,Diphtheria,116,4.0,4,92(2),Mitral valve disease,101,4.6,4,197,Deaths of civilians due to operations of war,47,4.3,4,491,Bronchopneumonia,24,5.0,4,491,Bronchopneumonia,32,7.0,4,204,Lymphatic leukaemia,17,4.8,4,170,Malignant neoplasm of bone and articular cartilage,9,2.9,4,204,Lymphoid leukaemia,9,4.0,4,G40,Epilepsy,7,3.7,3,C92,Myeloid leukemia,5,3.9
,5,28B,Phthisis (not def. as t.b.),206,4.9,5,117,Appendicitis,112,3.8,5,24,Tuberculosis of the central nervous system,100,4.6,5,121(1),Appendicitis without mention of intestinal obstruction,44,4.1,5,401,Rheumatic fever with heart involvement,21,4.4,5,241,Asthma,23,5.0,5,485,Bronchopneumonia unspecified,16,4.5,4,746,Other congenital anomalies of heart,9,2.9,5,493,Asthma,8,3.5,5,V09,Pedestrian injured in other and unspecified transport accidents,6,3.2,5,G40,Epilepsy,4,3.1
,6,47,Rheumatic fever,189,4.5,6,90(2),Mitral valve disease,105,3.6,6,186,Accidental injury by fall crushing etc.,88,4.0,6,58b,Acute rheumatic endocarditis,40,3.7,6,592,Chronic nephritis,16,3.3,6,193,Malignant neoplasm of brain and other parts of nervous system,12,2.6,6,345,Epilepsy,11,3.1,6,345,Epilepsy,8,2.6,6,345,Epilepsy,6,2.7,6,C91,Lymphoid leukemia,5,2.6,5,J10,Influenza due to identified influenza virus,4,3.1
,7,61C,Meningitis other forms,154,3.7,7,90(4),Other or unspecified valve disease,104,3.6,7,92(5),Other or unspecified valve disease,84,3.8,7,92b(2),Other specified valvular diseases (inc. sequelae of rheumatic fever),35,3.2,7,916,Accident caused by fire and explosion of combustible material,15,3.1,7,916,Accident caused by fire and explosion of combustible material,11,2.4,7,170,Malignant neoplasm of bone,9,2.5,6,343,Infantile cerebral palsy,8,2.6,6,343,Infantile cerebral palsy,6,2.7,6,C92,Myeloid leukemia,5,2.6,5,X70,Intentional self-harm by hanging strangulation and suffocation,4,3.1
,8,31B,Other peritoneal & intestinal tubercle,138,3.3,8,101a,Lobar pneumonia,78,2.7,8,121,Appendicitis,81,3.7,8,10,Diphtheria,34,3.1,8,353,Epilepsy,14,2.9,7,600,Infections of kidney,11,2.4,7,812,Motor vehicle traffic accident involving collision with another motor vehicle,9,2.5,6,191,Malignant neoplasm of brain,8,2.6,6,205,Myeloid leukaemia,6,2.7,6,D43,Neoplasm of uncertain or unknown behaviour of brain and central nervous system,5,2.6,8,X91,Assault by hanging strangulation and suffocation,3,2.3
,9,108,Appendicitis,136,3.2,9,33,Tuberculosis of the intestines and peritoneum,69,2.4,9,108,Lobar pneumonia,69,3.2,9,107(2),Broncho-pneumonia without mention of influenza,27,2.5,9,550,Acute appendicitis,11,2.3,9,196,Malignant neoplasm of bone,10,2.2,7,205,Myeloid leukaemia,9,2.5,9,745,Bulbus cordis anomalies and anomalies of cardiac septal closure,7,2.3,9,988,Injury by other or unspecified means undetermined whether accidentally or purposely inflicted,5,2.2,9,J45,Asthma,4,2.1,8,U50,Coroner's verdict pending,3,2.3
,10,79C,Other organic disease of heart,130,3.1,10,71,Meningitis,58,2.0,10,181,Accidental burns (conflagration excepted),49,2.2,10,92b(1),Mitral valve disease,25,2.3,9,193,Malignant neoplasm of brain and other parts of nervous system,11,2.3,9,813,Motor vehicle traffic accident to pedal cyclist,10,2.2,7,430,Subarachnoid haemorrhage,9,2.5,9,813,Motor vehicle traffic accident involving collision with other vehicle,7,2.3,9,819,Motor vehicle traffic accident of unspecified nature,5,2.2,9,C74,Malignant neoplasm of adrenal gland,4,2.1,8,Y20,Hanging strangulation and suffocation undetermined intent,3,2.3
,,,,,,,,,,,,,,,,,,,,,,,,,,,,,,,,,,,,9,747,Other congenital anomalies of circulatory system,7,2.3,9,746,Other congenital anomalies of heart,5,2.2,9,Q24,Other congenital malformations of heart,4,2.1,8,C91,Lymphoid leukemia,3,2.3
,,,,,,,,,,,,,,,,,,,,,,,,,,,,,,,,,,,,9,741,Spina bifida,7,2.3,,,,,,9,V03,Pedestrian injured in collision with car pick-up truck or van,4,2.1,8,Q99,Other chromosome abnormalities not elsewhere classified,3,2.3
15-19 years,1,28A,Pulmonary tuberculosis,1130,21.7,1,31,Tuberculosis of the respiratory system,1937,42.3,1,23,Tuberculosis of the respiratory system,1110,36.3,1,13b,Tb. of the resp. system without mention of occupational disease of lung,755,37.9,1,204,Leukaemia and aleukaemia,25,4.5,1,816,Other motor vehicle traffic accident involving two or more motor vehicles,72,10.0,1,812,Motor vehicle traffic accident involving collision with another motor vehicle,57,9.0,1,812,Other motor vehicle traffic accident involving collision with another motor vehicle,55,10.1,1,812,Other motor vehicle traffic accident involving collision with another motor vehicle,26,6.7,1,V49,Car occupant injured in other and unspecified transport accidents,28,7.4,1,X70,Intentional self-harm by hanging strangulation and suffocation,19,6.4
,2,28B,Phthisis (not def. as t.b.),592,11.4,2,51,Rheumatic fever,141,3.1,2,92(2),Mitral valve disease,105,3.4,2,14,Tuberculosis of the meninges and central nervous system,124,6.2,1,813,Motor vehicle traffic accident to pedal cyclist,25,4.5,2,204,Leukaemia and aleukaemia,37,5.1,2,816,Non-collision motor vehicle traffic accident due to loss of control,34,5.4,2,814,Motor vehicle traffic accident involving collision with pedestrian,39,7.2,2,819,Motor vehicle traffic accident of unspecified nature,23,5.9,2,V47,Car occupant injured in collision with fixed or stationary object,18,4.7,2,G40,Epilepsy,15,5.0
,3,79A,Valvular disease,296,5.7,3,90(2),Mitral valve disease,117,2.6,3,186,Accidental injury by fall crushing etc.,104,3.4,3,197,Deaths of civilians due to operations of war,73,3.7,3,592,Chronic nephritis,23,4.1,3,812,Motor vehicle traffic accident to pedestrian,35,4.8,3,950,Suicide and self inflicted poisoning by solid or liquid substances,27,4.3,3,815,Other motor vehicle traffic accident involving collision on the highway,28,5.1,3,36,Meningococcal infection,19,4.9,3,X70,Intentional self-harm by hanging strangulation and suffocation,14,3.7,3,V49,Car occupant injured in other and unspecified transport accidents,11,3.7
,4,29A,Acute phthisis,237,4.6,4,101a,Lobar pneumonia,114,2.5,4,92(5),Other or unspecified valve disease,84,2.8,4,92b(1),Mitral valve disease,61,3.1,4,353,Epilepsy,20,3.6,4,815,Motor vehicle traffic accident to rider or passenger of motorcycle in collison with other motor vehicle,34,4.7,4,814,Motor vehicle traffic accident involving collision with pedestrian,26,4.1,4,277,Other and unspecified disorders of metabolism,26,4.8,4,814,Motor vehicle traffic accident involving collision with pedestrian,15,3.8,4,V43,Car occupant injured in collision with car pick-up truck or van,11,2.9,3,Y20,Hanging strangulation and suffocation undetermined intent,11,3.7
,5,92A,Lobar pneumonia,145,2.8,5,90(4),Other or unspecified valve disease,103,2.2,4,56,Rheumatic fever,84,2.8,5,92b(2),Other specified valvular diseases (inc. sequelae of rheumatic fever),53,2.7,5,754,Congenital malformations of circulatory system,19,3.4,5,823,Motor vehicle traffic accident involving running off roadway,33,4.6,5,815,Other motor vehicle traffic accident involving collison,22,3.5,5,493,Asthma,25,4.6,4,815,Other motor vehicle traffic accident involving collision on the highway,15,3.8,4,Y33,Other specified events undetermined intent,11,2.9,5,X81,Intentional self-harm by jumping or lying before moving object,10,3.4
,6,47,Rheumatic fever,139,2.7,6,33,Tuberculosis of the intestines and peritoneum,101,2.2,6,24,Tuberculosis of the central nervous system,81,2.7,6,170c,Other motor vehicle accidents,49,2.5,6,812,Motor vehicle traffic accident to pedestrian,18,3.2,6,241,Asthma,31,4.3,6,746,Congenital anomalies of heart,19,3.0,6,988,Injury by other or unspecified means undetermined whether accidentally or purposely inflicted,15,2.8,6,980,Poisoning by solid or liquid substances undetermined whether accidentally or purposely inflicted,14,3.6,6,G80,Cerebral palsy,10,2.6,6,G80,Cerebral palsy,9,3.0
,7,79C,Other organic disease of heart,137,2.6,7,117,Appendicitis,96,2.1,7,108,Lobar pneumonia,74,2.4,7,85,Epilepsy,37,1.9,7,491,Bronchopneumonia,17,3.0,7,754,Congenital malformations of circulatory system,24,3.3,7,191,Malignant neoplasm of brain,18,2.8,7,345,Epilepsy,12,2.2,7,988,Injury by other or unspecified means undetermined whether accidentally or purposely inflicted,13,3.3,6,C91,Lymphoid leukemia,10,2.6,6,E84,Cystic fibrosis,9,3.0
,8,108,Appendicitis,126,2.4,8,32,Tuberculosis of the central nervous system,93,2.0,8,91(1),Malignant endocarditis,62,2.0,8,121(1),Appendicitis without mention of intestinal obstruction,33,1.7,7,2,Pulmonary tuberculosis,17,3.0,8,972,Suicide and self-inflicted poisoning by gases in domestic use,19,2.6,7,819,Motor vehicle traffic accident of unspecified nature,18,2.8,7,816,Motor vehicle traffic accident due to loss of control without collision on the highway,12,2.2,7,277,Other and unspecified disorders of metabolism,13,3.3,6,C92,Myeloid leukemia,10,2.6,6,J18,Pneumonia organism unspecified,9,3.0
,8,30,Tuberculous meningitis,126,2.4,9,11a(1),Influenza with pulmonary and pneumonic complications,77,1.7,9,121,Appendicitis,60,2.0,9,91ab,Acute or sub-acute bacterial endocarditis,30,1.5,9,410,Diseases of mitral valve,16,2.9,9,491,Bronchopneumonia,16,2.2,9,345,Epilepsy,16,2.5,9,170,Malignant neoplasm of bone and articular cartilage,11,2.0,9,345,Epilepsy,9,2.3,9,E84,Cystic fibrosis,9,2.4,9,C41,Malignant neoplasm of bone and articular cartilage of other and unspecified sites,7,2.3
,10,92B,Pneumonia (type not stated),115,2.2,10,78,Epilepsy,75,1.6,10,25,Tuberculosis of the intestines and peritoneum,57,1.9,10,108(2),Lobar pneumonia without mention of influenza,29,1.5,10,193,Malignant neoplasm of brain and other parts of nervous system,14,2.5,10,821,Motor vehicle traffic accident to rider of motorcycle without antecedent collision,15,2.1,10,485,Bronchopneumonia unspecified,14,2.2,9,191,Malignant neoplasm of brain,11,2.0,9,343,Infantile cerebral palsy,9,2.3,9,C71,Malignant neoplasm of brain,9,2.4,9,C71,Malignant neoplasm of brain,7,2.3
,,,,,,,,,,,,,,,,,,,,,,,,,,,,,,,,,,,,,,,,,9,204,Lymphoid leukaemia,9,2.3,,,,,,9,V89,Motor- or nonmotor-vehicle accident type of vehicle unspecified,7,2.3
20-24 years,1,28A,Pulmonary tuberculosis,1326,23.5,1,31,Tuberculosis of the respiratory system,2317,43.8,1,23,Tuberculosis of the respiratory system,1919,42.6,1,13b,Tb. of the resp. system without mention of occupational disease of lung,1456,46.5,1,2,Pulmonary tuberculosis,78,10.1,1,816,Other motor vehicle traffic accident involving two or more motor vehicles,60,8.4,1,812,Motor vehicle traffic accident involving collision with another motor vehicle,50,7.0,1,812,Other motor vehicle traffic accident involving collision with another motor vehicle,60,9.5,1,812,Other motor vehicle traffic accident involving collision with another motor vehicle,35,6.7,1,G40,Epilepsy,23,4.8,1,X70,Intentional self-harm by hanging strangulation and suffocation,32,8.4
,2,28B,Phthisis (not def. as t.b.),595,10.5,2,146,Puerperal sepsis,217,4.1,2,92(2),Mitral valve disease,153,3.4,2,92b(1),Mitral valve disease,93,3.0,2,410,Diseases of mitral valve,37,4.8,2,241,Asthma,46,6.4,2,950,Suicide and self inflicted poisoning by solid or liquid substances,36,5.1,2,493,Asthma,24,3.8,2,345,Epilepsy,30,5.8,2,X70,Intentional self-harm by hanging strangulation and suffocation,16,3.3,2,X42,Accidental poisoning by and exposure to narcotics and psychodysleptics [hallucinogens] not elsewhere classified,14,3.7
,3,79A,Valvular disease,281,5.0,3,90(2),Mitral valve disease,121,2.3,3,145a,Puerperal septicaemia and pyaemia not returned as post-abortion,139,3.1,3,197,Deaths of civilians due to operations of war,75,2.4,3,592,Chronic nephritis,30,3.9,3,970,Suicide and self-inflicted poisoning by analgesic and soporific substances,30,4.2,3,345,Epilepsy,32,4.5,3,205,Myeloid leukaemia,23,3.7,3,988,Injury by other or unspecified means undetermined whether accidentally or purposely inflicted,22,4.2,3,V49,Car occupant injured in other and unspecified transport accidents,13,2.7,3,G40,Epilepsy,13,3.4
,4,137,Puerperal fever,210,3.7,4,101a,Lobar pneumonia,108,2.0,4,108,Lobar pneumonia,109,2.4,4,14,Tuberculosis of the meninges and central nervous system,58,1.9,4,330,Subarachnoid haemorrhage,25,3.2,4,204,Leukaemia and aleukaemia,28,3.9,4,201,Hodgkin's disease,21,3.0,4,816,Motor vehicle traffic accident due to loss of control without collision on the highway,22,3.5,4,980,Poisoning by solid or liquid substances undetermined whether accidentally or purposely inflicted,17,3.3,4,V47,Car occupant injured in collision with fixed or stationary object,12,2.5,4,J18,Pneumonia organism unspecified,11,2.9
,5,29A,Acute phthisis,186,3.3,4,148,Puerperal albuminuria and convulsions,108,2.0,5,186,Accidental injury by fall crushing etc.,107,2.4,5,92b(2),Other specified valvular diseases (inc. sequelae of rheumatic fever),51,1.6,5,241,Asthma,24,3.1,5,823,Motor vehicle traffic accident involving running off roadway,22,3.1,5,980,Poisoning by solid or liquid substances undetermined whether accidental or purposely inflicted,20,2.8,4,815,Other motor vehicle traffic accident involving collision on the highway,22,3.5,4,950,Suicide and selfinflicted poisoning by solid or liquid substances,17,3.3,5,C92,Myeloid leukemia,11,2.3,5,E84,Cystic fibrosis,10,2.6
,6,92A,Lobar pneumonia,170,3.0,6,129,Chronic nephritis (including unspecified over 10 years of age),87,1.6,6,91(1),Malignant endocarditis,99,2.2,6,85,Epilepsy,49,1.6,6,815,Motor vehicle traffic accident to rider or passenger of motorcycle in collison with other motor vehicle,20,2.6,6,353,Epilepsy,20,2.8,6,205,Myeloid leukaemia,18,2.5,6,345,Epilepsy,21,3.3,6,819,Motor vehicle traffic accident of unspecified nature,15,2.9,6,Y20,Hanging strangulation and suffocation undetermined intent,10,2.1,6,Y20,Hanging strangulation and suffocation undetermined intent,9,2.4
,7,79C,Other organic disease of heart,137,2.4,7,117,Appendicitis,84,1.6,7,131,Chronic nephritis,89,2.0,7,131c,Chronic nephritis not otherwise specified,48,1.5,7,204,Leukaemia and aleukaemia,19,2.5,7,754,Congenital malformations of circulatory system,19,2.7,7,485,Bronchopneumonia unspecified,17,2.4,7,814,Motor vehicle traffic accident involving collision with pedestrian,20,3.2,7,850,Accidental poisoning by analgesics antipyretics antirheumatics,13,2.5,7,X42,Accidental poisoning by and exposure to narcotics and psychodysleptics [hallucinogens] not elsewhere classified,9,1.9,6,C49,Malignant neoplasm of other connective and soft tissue,9,2.4
,8,92B,Pneumonia (type not stated),118,2.1,8,90(4),Other or unspecified valve disease,82,1.5,8,92(5),Other or unspecified valve disease,79,1.8,8,91ab,Acute or sub-acute bacterial endocarditis,37,1.2,7,972,Suicide and self-inflicted poisoning by gases in domestic use,19,2.5,7,201,Hodgkin's disease,19,2.7,8,746,Congenital anomalies of heart,16,2.3,8,950,Suicide and selfinflicted poisoning by solid or liquid substances,17,2.7,7,205,Myeloid leukaemia,13,2.5,7,G80,Cerebral palsy,9,1.9,8,U50,Coroner's verdict pending,8,2.1
,9,47,Rheumatic fever,106,1.9,9,78,Epilepsy,77,1.5,9,146,Puerperal albuminuria and convulsions,67,1.5,9,170c,Other motor vehicle accidents,36,1.2,9,754,Congenital malformations of circulatory system,18,2.3,9,330,Subarachnoid haemorrhage,17,2.4,8,816,Non-collision motor vehicle traffic accident due to loss of control,16,2.3,9,988,Injury by other or unspecified means undetermined whether accidentally or purposely inflicted,16,2.5,9,968,Assault by other and unspecified means,12,2.3,7,E84,Cystic fibrosis,9,1.9,8,W76,Other accidental hanging and strangulation,8,2.1
,10,138C,Puerperal convulsions,104,1.8,9,51,Rheumatic fever,77,1.5,9,56,Rheumatic fever,67,1.5,10,107(2),Broncho-pneumonia without mention of influenza,35,1.1,10,353,Epilepsy,16,2.1,10,815,Motor vehicle traffic accident to rider or passenger of motorcycle in collison with other motor vehicle,14,2.0,10,734,Diffuse diseases of connective tissue,14,2.0,10,201,Hodgkin's disease,15,2.4,10,814,Motor vehicle traffic accident involving collision with pedestrian,11,2.1,7,Y33,Other specified events undetermined intent,9,1.9,10,V49,Car occupant injured in other and unspecified transport accidents,6,1.6
,,,,,,,,,,,,,,,,,,,,,,,,,,,,,,,10,191,Malignant neoplasm of brain,14,2.0,,,,,,,,,,,,,,,,10,X81,Intentional self-harm by jumping or lying before moving object,6,1.6
,,,,,,,,,,,,,,,,,,,,,,,,,,,,,,,10,814,Motor vehicle traffic accident involving collision with pedestrian,14,2.0,,,,,,,,,,,,,,,,10,C71,Malignant neoplasm of brain,6,1.6
,,,,,,,,,,,,,,,,,,,,,,,,,,,,,,,,,,,,,,,,,,,,,,,,,,,10,C56,Malignant neoplasm of ovary,6,1.6
25-29 years,1,28A,Pulmonary tuberculosis,1318,21.2,1,31,Tuberculosis of the respiratory system,2070,37.5,1,23,Tuberculosis of the respiratory system,1676,34.1,1,13b,Tb. of the resp. system without mention of occupational disease of lung,1175,37.9,1,2,Pulmonary tuberculosis,161,13.3,1,970,Suicide and self-inflicted poisoning by analgesic and soporific substances,48,5.6,1,950,Suicide and self inflicted poisoning by solid or liquid substances,59,6.4,1,180,Malignant neoplasm of cervix uteri,35,5.4,1,180,Malignant neoplasm of cervix uteri,28,3.7,1,X70,Intentional self-harm by hanging strangulation and suffocation,38,6.5,1,X70,Intentional self-harm by hanging strangulation and suffocation,43,7.8
,2,28B,Phthisis (not def. as t.b.),688,11.0,2,146,Puerperal sepsis,301,5.5,2,145a,Puerperal septicaemia and pyaemia not returned as post-abortion,204,4.2,2,92b(1),Mitral valve disease,127,4.1,2,410,Diseases of mitral valve,84,7.0,2,241,Asthma,42,4.9,2,174,Malignant neoplasm of breast,38,4.1,2,430,Subarachnoid haemorrhage,33,5.1,1,174,Malignant neoplasm of female breast,28,3.7,2,G40,Epilepsy,30,5.1,2,X42,Accidental poisoning by and exposure to narcotics and psychodysleptics [hallucinogens] not elsewhere classified,28,5.1
,3,79A,Valvular disease,349,5.6,3,90(2),Mitral valve disease,154,2.8,3,92(2),Mitral valve disease,179,3.6,3,197,Deaths of civilians due to operations of war,74,2.4,3,972,Suicide and self-inflicted poisoning by gases in domestic use,37,3.1,3,170,Malignant neoplasm of breast,33,3.9,3,812,Motor vehicle traffic accident involving collision with another motor vehicle,30,3.3,3,174,Malignant neoplasm of female breast,29,4.5,3,345,Epilepsy,27,3.6,3,Y33,Other specified events undetermined intent,16,2.7,3,C53,Malignant neoplasm of cervix uteri,22,4.0
,4,137,Puerperal fever,314,5.0,4,101a,Lobar pneumonia,147,2.7,4,131,Chronic nephritis,132,2.7,4,92b(2),Other specified valvular diseases (inc. sequelae of rheumatic fever),46,1.5,4,330,Subarachnoid haemorrhage,35,2.9,3,816,Other motor vehicle traffic accident involving two or more motor vehicles,33,3.9,4,430,Subarachnoid haemorrhage,27,2.9,4,345,Epilepsy,25,3.9,4,980,Poisoning by solid or liquid substances undetermined whether accidentally or purposely inflicted,25,3.3,4,C53,Malignant neoplasm of cervix uteri,14,2.4,4,C71,Malignant neoplasm of brain,17,3.1
,5,92A,Lobar pneumonia,190,3.0,5,148,Puerperal albuminuria and convulsions,133,2.4,5,108,Lobar pneumonia,109,2.2,5,107(2),Broncho-pneumonia without mention of influenza,45,1.5,5,592,Chronic nephritis,33,2.7,3,972,Suicide and self-inflicted poisoning by gases in domestic use,33,3.9,5,345,Epilepsy,24,2.6,5,812,Other motor vehicle traffic accident involving collision with another motor vehicle,22,3.4,4,950,Suicide and selfinflicted poisoning by solid or liquid substances,25,3.3,5,V49,Car occupant injured in other and unspecified transport accidents,13,2.2,5,C43,Malignant melanoma of Skin,13,2.3
,6,79C,Other organic disease of heart,179,2.9,6,129,Chronic nephritis (including unspecified over 10 years of age),101,1.8,6,149,Other accidents of childbirth,96,2.0,6,91ab,Acute or sub-acute bacterial endocarditis,39,1.3,6,204,Leukaemia and aleukaemia,28,2.3,6,204,Leukaemia and aleukaemia,27,3.2,6,485,Bronchopneumonia unspecified,23,2.5,6,950,Suicide and selfinflicted poisoning by solid or liquid substances,18,2.8,6,812,Other motor vehicle traffic accident involving collision with another motor vehicle,24,3.2,5,C92,Myeloid leukemia,13,2.2,6,X44,Accidental poisoning by and exposure to other and unspecified drugs medicaments and biological substances,11,2.0
,7,29A,Acute phthisis,163,2.6,7,90(4),Other or unspecified valve disease,100,1.8,7,92(5),Other or unspecified valve disease,94,1.9,6,131c,Chronic nephritis not otherwise specified,39,1.3,7,241,Asthma,25,2.1,7,353,Epilepsy,26,3.1,7,191,Malignant neoplasm of brain,22,2.4,7,191,Malignant neoplasm of brain,17,2.6,7,988,Injury by other or unspecified means undetermined whether accidentally or purposely inflicted,22,2.9,7,K70,Alcoholic liver disease,12,2.0,6,G40,Epilepsy,11,2.0
,8,92B,Pneumonia (type not stated),153,2.5,8,11a(1),Influenza with pulmonary and pneumonic complications,86,1.6,8,146,Puerperal albuminuria and convulsions,91,1.9,6,170c,Other motor vehicle accidents,39,1.3,8,491,Bronchopneumonia,24,2.0,8,201,Hodgkin's disease,23,2.7,7,180,Malignant neoplasm of cervix uteri,22,2.4,8,493,Asthma,16,2.5,8,485,Bronchopneumonia organism unspecified,19,2.5,7,C50,Malignant neoplasm of breast,12,2.0,8,E84,Cystic fibrosis,10,1.8
,9,10,Influenza,119,1.9,9,117,Appendicitis,80,1.5,9,186,Accidental injury by fall crushing etc.,90,1.8,9,85,Epilepsy,37,1.2,9,353,Epilepsy,23,1.9,9,410,Diseases of mitral valve,22,2.6,7,205,Myeloid leukaemia,22,2.4,9,205,Myeloid leukaemia,13,2.0,8,430,Subarachnoid haemorrhage,19,2.5,9,F19,multiple drug use and use of other psychoactive substances,10,1.7,8,C50,Malignant neoplasm of breast,10,1.8
,10,69,Epilepsy,99,1.6,10,78,Epilepsy,74,1.3,10,91(1),Malignant endocarditis,81,1.7,10,108(2),Lobar pneumonia without mention of influenza,36,1.2,9,170,Malignant neoplasm of breast,23,1.9,10,491,Bronchopneumonia,21,2.5,10,980,Poisoning by solid or liquid substances undetermined whether accidental or purposely inflicted,20,2.2,10,988,Injury by other or unspecified means undetermined whether accidentally or purposely inflicted,12,1.8,10,171,Malignant neoplasm of connective and other soft tissue,15,2.0,9,R99,Other ill-defined and unspecified causes of mortality,10,1.7,8,J18,Pneumonia organism unspecified,10,1.8
,,,,,,,,,,,,,,,,,,,,,,,,,,,,,,,,,,,,10,814,Motor vehicle traffic accident involving collision with pedestrian,12,1.8,,,,,,9,F11,use of opioids,10,1.7,,,,,
30-34 years,1,28A,Pulmonary tuberculosis,1291,18.6,1,31,Tuberculosis of the respiratory system,1572,28.3,1,23,Tuberculosis of the respiratory system,1279,24.9,1,13b,Tb. of the resp. system without mention of occupational disease of lung,985,26.4,1,2,Pulmonary tuberculosis,197,11.0,1,170,Malignant neoplasm of breast,81,7.3,1,174,Malignant neoplasm of breast,87,8.7,1,174,Malignant neoplasm of female breast,97,10.4,1,174,Malignant neoplasm of female breast,114,10.5,1,C50,Malignant neoplasm of breast,64,7.2,1,C50,Malignant neoplasm of breast,58,7.1
,2,28B,Phthisis (not def. as t.b.),632,9.1,2,146,Puerperal sepsis,241,4.3,2,92(2),Mitral valve disease,210,4.1,2,92b(1),Mitral valve disease,212,5.7,2,410,Diseases of mitral valve,130,7.3,2,330,Subarachnoid haemorrhage,46,4.1,2,950,Suicide and self inflicted poisoning by solid or liquid substances,57,5.7,2,180,Malignant neoplasm of cervix uteri,74,7.9,2,180,Malignant neoplasm of cervix uteri,64,5.9,2,C53,Malignant neoplasm of cervix uteri,37,4.1,2,X70,Intentional self-harm by hanging strangulation and suffocation,46,5.7
,3,79A,Valvular disease,399,5.7,3,101a,Lobar pneumonia,203,3.6,3,145a,Puerperal septicaemia and pyaemia not returned as post-abortion,205,4.0,3,50,Cancer of the breast,89,2.4,3,170,Malignant neoplasm of breast,100,5.6,3,410,Diseases of mitral valve,42,3.8,3,180,Malignant neoplasm of cervix uteri,46,4.6,3,430,Subarachnoid haemorrhage,42,4.5,3,430,Subarachnoid haemorrhage,41,3.8,3,X70,Intentional self-harm by hanging strangulation and suffocation,33,3.7,3,X42,Accidental poisoning by and exposure to narcotics and psychodysleptics [hallucinogens] not elsewhere classified,41,5.0
,4,137,Puerperal fever,322,4.6,4,90(2),Mitral valve disease,149,2.7,4,108,Lobar pneumonia,178,3.5,4,197,Deaths of civilians due to operations of war,82,2.2,4,171,Malignant neoplasm of cervix uteri,63,3.5,4,241,Asthma,39,3.5,4,430,Subarachnoid haemorrhage,38,3.8,4,950,Suicide and selfinflicted poisoning by solid or liquid substances,38,4.1,4,345,Epilepsy,37,3.4,4,K70,Alcoholic liver disease,32,3.6,4,K70,Alcoholic liver disease,36,4.4
,5,79C,Other organic disease of heart,207,3.0,5,46,Cancer of the female genital organs,127,2.3,5,131,Chronic nephritis,134,2.6,5,92b(2),Other specified valvular diseases (inc. sequelae of rheumatic fever),71,1.9,5,592,Chronic nephritis,47,2.6,5,970,Suicide and self-inflicted poisoning by analgesic and soporific substances,36,3.2,5,410,Acute myocardial infarction,27,2.7,5,812,Other motor vehicle traffic accident involving collision with another motor vehicle,27,2.9,5,571,Chronic liver disease and cirrhosis,33,3.0,5,G40,Epilepsy,25,2.8,5,C53,Malignant neoplasm of cervix uteri,32,3.9
,6,92B,Pneumonia (type not stated),200,2.9,6,129,Chronic nephritis (including unspecified over 10 years of age),126,2.3,6,46,Cancer of the digestive organs and peritoneum,129,2.5,6,131c,Chronic nephritis not otherwise specified,67,1.8,6,972,Suicide and self-inflicted poisoning by gases in domestic use,42,2.4,6,420,Arteriosclerotic heart disease including coronary disease,33,3.0,6,812,Motor vehicle traffic accident involving collision with another motor vehicle,22,2.2,6,191,Malignant neoplasm of brain,24,2.6,5,980,Poisoning by solid or liquid substances undetermined whether accidentally or purposely inflicted,33,3.0,6,C71,Malignant neoplasm of brain,21,2.3,6,C71,Malignant neoplasm of brain,25,3.1
,7,92A,Lobar pneumonia,196,2.8,7,11a(1),Influenza with pulmonary and pneumonic complications,124,2.2,7,92(5),Other or unspecified valve disease,111,2.2,7,163ba,Suicide by poisoning by coal gas,61,1.6,7,330,Subarachnoid haemorrhage,40,2.2,7,171,Malignant neoplasm of cervix uteri,29,2.6,7,191,Malignant neoplasm of brain,21,2.1,7,205,Myeloid leukaemia,22,2.4,7,191,Malignant neoplasm of brain,28,2.6,7,I60,Subarachnoid hemorrhage,18,2.0,7,G40,Epilepsy,20,2.5
,8,29A,Acute phthisis,148,2.1,7,90(4),Other or unspecified valve disease,124,2.2,8,50,Cancer of the breast,89,1.7,8,85,Epilepsy,58,1.6,8,345,Multiple sclerosis,32,1.8,8,972,Suicide and self-inflicted poisoning by gases in domestic use,27,2.4,7,205,Myeloid leukaemia,21,2.1,8,183,Malignant neoplasm of ovary and other uterine adnexa,21,2.2,8,950,Suicide and selfinflicted poisoning by solid or liquid substances,24,2.2,8,C56,Malignant neoplasm of ovary,15,1.7,8,I60,Subarachnoid hemorrhage,16,2.0
,9,120A,Bright's disease (as 1901 list),140,2.0,9,101b,Pneumonia (not otherwise specified),105,1.9,9,140,Post-abortive sepsis,79,1.5,9,108(2),Lobar pneumonia without mention of influenza,51,1.4,9,353,Epilepsy,29,1.6,9,201,Hodgkin's disease,26,2.3,9,183,Malignant neoplasm of ovary fallopian tube and broad ligament,18,1.8,8,340,Multiple sclerosis,21,2.2,9,199,Malignant neoplasm without specification of site,20,1.8,8,F11,use of opioids,15,1.7,9,X44,Accidental poisoning by and exposure to other and unspecified drugs medicaments and biological substances,15,1.8
,10,10,Influenza,136,2.0,10,148,Puerperal albuminuria and convulsions,100,1.8,9,146,Puerperal albuminuria and convulsions,79,1.5,10,131b,Arteriosclerotic kidney,50,1.3,10,204,Leukaemia and aleukaemia,28,1.6,10,193,Malignant neoplasm of brain and other parts of nervous system,25,2.2,9,980,Poisoning by solid or liquid substances undetermined whether accidental or purposely inflicted,18,1.8,10,202,Other malignant neoplasm of lymphoid and histiocytic tissue,20,2.1,9,205,Myeloid leukaemia,20,1.8,10,C43,Malignant melanoma of Skin,14,1.6,9,C18,Malignant neoplasm of colon,15,1.8
35-39 years,1,28A,Pulmonary tuberculosis,1173,14.0,1,31,Tuberculosis of the respiratory system,1407,22.2,1,23,Tuberculosis of the respiratory system,963,17.1,1,13b,Tb. of the resp. system without mention of occupational disease of lung,813,18.2,1,170,Malignant neoplasm of breast,172,7.7,1,170,Malignant neoplasm of breast,197,10.0,1,174,Malignant neoplasm of breast,241,15.5,1,174,Malignant neoplasm of female breast,280,17.2,1,174,Malignant neoplasm of female breast,220,15.4,1,C50,Malignant neoplasm of breast,190,13.0,1,C50,Malignant neoplasm of breast,146,11.5
,2,28B,Phthisis (not def. as t.b.),642,7.7,2,46,Cancer of the female genital organs,258,4.1,2,92(2),Mitral valve disease,262,4.6,2,92b(1),Mitral valve disease,289,6.5,2,2,Pulmonary tuberculosis,168,7.5,2,171,Malignant neoplasm of cervix uteri,96,4.9,2,410,Acute myocardial infarction,74,4.8,2,180,Malignant neoplasm of cervix uteri,134,8.2,2,180,Malignant neoplasm of cervix uteri,83,5.8,2,K70,Alcoholic liver disease,86,5.9,2,K70,Alcoholic liver disease,94,7.4
,3,79A,Valvular disease,528,6.3,3,146,Puerperal sepsis,209,3.3,3,46,Cancer of the digestive organs and peritoneum,217,3.8,3,50,Cancer of the breast,233,5.2,3,410,Diseases of mitral valve,147,6.6,3,410,Diseases of mitral valve,89,4.5,3,430,Subarachnoid haemorrhage,70,4.5,3,430,Subarachnoid haemorrhage,72,4.4,3,571,Chronic liver disease and cirrhosis,69,4.8,3,C53,Malignant neoplasm of cervix uteri,54,3.7,3,X42,Accidental poisoning by and exposure to narcotics and psychodysleptics [hallucinogens] not elsewhere classified,65,5.1
,4,79C,Other organic disease of heart,291,3.5,4,129,Chronic nephritis (including unspecified over 10 years of age),204,3.2,4,108,Lobar pneumonia,199,3.5,4,83a,Cerebral haemorrhage,92,2.1,4,171,Malignant neoplasm of cervix uteri,102,4.6,4,970,Suicide and self-inflicted poisoning by analgesic and soporific substances,73,3.7,4,180,Malignant neoplasm of cervix uteri,58,3.7,4,162,Malignant neoplasm of trachea bronchus and lung,50,3.1,4,430,Subarachnoid haemorrhage,43,3.0,4,I60,Subarachnoid hemorrhage,43,2.9,4,C53,Malignant neoplasm of cervix uteri,51,4.0
,5,42,Cancer of female genital organs,281,3.4,5,101a,Lobar pneumonia,197,3.1,5,50,Cancer of the breast,187,3.3,5,46c,Cancer of the intestines other than duodenum or rectum,89,2.0,5,175,Malignant neoplasm of ovary fallopian tube and broad ligament,63,2.8,5,330,Subarachnoid haemorrhage,72,3.6,5,950,Suicide and self inflicted poisoning by solid or liquid substances,56,3.6,5,191,Malignant neoplasm of brain,44,2.7,5,183,Malignant neoplasm of ovary and other uterine adnexa,38,2.7,5,X70,Intentional self-harm by hanging strangulation and suffocation,40,2.7,5,X70,Intentional self-harm by hanging strangulation and suffocation,42,3.3
,6,92A,Lobar pneumonia,232,2.8,6,47,Cancer of the breast,180,2.8,6,131,Chronic nephritis,185,3.3,6,107(2),Broncho-pneumonia without mention of influenza,84,1.9,6,592,Chronic nephritis,59,2.7,6,420,Arteriosclerotic heart disease including coronary disease,68,3.4,6,153,Malignant neoplasm of large intestine except rectum,37,2.4,6,410,Acute myocardial infarction,42,2.6,6,199,Malignant neoplasm without specification of site,35,2.4,6,C71,Malignant neoplasm of brain,35,2.4,6,C71,Malignant neoplasm of brain,32,2.5
,7,137,Puerperal fever,226,2.7,7,90(2),Mitral valve disease,173,2.7,7,48,Cancer of the uterus,180,3.2,6,46b,Cancer of the stomach and duodenum,84,1.9,7,330,Subarachnoid haemorrhage,53,2.4,7,175,Malignant neoplasm of ovary fallopian tube and broad ligament,62,3.1,6,183,Malignant neoplasm of ovary fallopian tube and broad ligament,37,2.4,7,950,Suicide and selfinflicted poisoning by solid or liquid substances,35,2.1,7,950,Suicide and selfinflicted poisoning by solid or liquid substances,32,2.2,7,G40,Epilepsy,29,2.0,7,C18,Malignant neoplasm of colon,29,2.3
,8,92B,Pneumonia (type not stated),215,2.6,8,90(4),Other or unspecified valve disease,168,2.7,8,92(5),Other or unspecified valve disease,134,2.4,8,49,Cancer of other female genital organs,83,1.9,8,972,Suicide and self-inflicted poisoning by gases in domestic use,51,2.3,8,241,Asthma,59,3.0,8,485,Bronchopneumonia unspecified,31,2.0,8,183,Malignant neoplasm of ovary and other uterine adnexa,33,2.0,8,980,Poisoning by solid or liquid substances undetermined whether accidentally or purposely inflicted,31,2.2,8,C56,Malignant neoplasm of ovary,27,1.8,8,J18,Pneumonia organism unspecified,26,2.1
,9,120A,Bright's disease (as 1901 list),210,2.5,9,11a(1),Influenza with pulmonary and pneumonic complications,139,2.2,9,145a,Puerperal septicaemia and pyaemia not returned as post-abortion,120,2.1,8,197,Deaths of civilians due to operations of war,83,1.9,9,331,Cerebral haemorrhage,50,2.2,9,153,Malignant neoplasm of large intestine except rectum,50,2.5,8,162,Malignant neoplasm of trachea bronchus and lung,31,2.0,8,205,Myeloid leukaemia,33,2.0,9,172,Malignant melanoma of skin,29,2.0,9,C34,Malignant neoplasm of bronchus and lung,26,1.8,9,C34,Malignant neoplasm of bronchus and lung,23,1.8
,10,43,Cancer of breast,181,2.2,10,44,Cancer of the pharynx oesophagus stomach liver and annexa,106,1.7,10,93b(3),Other myocardial degeneration,111,2.0,10,92b(2),Other specified valvular diseases (inc. sequelae of rheumatic fever),78,1.7,10,151,Malignant neoplasm of stomach,47,2.1,10,331,Cerebral haemorrhage,49,2.5,10,191,Malignant neoplasm of brain,30,1.9,10,199,Malignant neoplasm without specification of site,31,1.9,10,191,Malignant neoplasm of brain,27,1.9,10,C43,Malignant melanoma of Skin,25,1.7,10,C80,Malignant neoplasm without specification of site,22,1.7
,,,,,,10,144,Puerperal haemorrhage,106,1.7,,,,,,,,,,,,,,,,,,,,,,,,,,,,,,,,,,,,,,,,,,,,,
40-44 years,1,28A,Pulmonary tuberculosis,1073,11.5,1,31,Tuberculosis of the respiratory system,1118,15.0,1,23,Tuberculosis of the respiratory system,787,11.8,1,13b,Tb. of the resp. system without mention of occupational disease of lung,607,11.1,1,170,Malignant neoplasm of breast,488,12.5,1,170,Malignant neoplasm of breast,501,13.7,1,174,Malignant neoplasm of breast,470,17.9,1,174,Malignant neoplasm of female breast,442,20.3,1,174,Malignant neoplasm of female breast,403,18.2,1,C50,Malignant neoplasm of breast,387,16.5,1,C50,Malignant neoplasm of breast,270,13.5
,2,79A,Valvular disease,683,7.3,2,46,Cancer of the female genital organs,454,6.1,2,50,Cancer of the breast,402,6.0,2,50,Cancer of the breast,439,8.0,2,410,Diseases of mitral valve,303,7.7,2,171,Malignant neoplasm of cervix uteri,234,6.4,2,410,Acute myocardial infarction,157,6.0,2,430,Subarachnoid haemorrhage,95,4.4,2,162,Malignant neoplasm of trachea bronchus and lung,102,4.6,2,K70,Alcoholic liver disease,137,5.9,2,K70,Alcoholic liver disease,164,8.2
,3,28B,Phthisis (not def. as t.b.),487,5.2,3,47,Cancer of the breast,409,5.5,3,46,Cancer of the digestive organs and peritoneum,394,5.9,3,92b(1),Mitral valve disease,273,5.0,3,175,Malignant neoplasm of ovary fallopian tube and broad ligament,161,4.1,3,420,Arteriosclerotic heart disease including coronary disease,226,6.2,3,183,Malignant neoplasm of ovary fallopian tube and broad ligament,128,4.9,3,180,Malignant neoplasm of cervix uteri,92,4.2,3,571,Chronic liver disease and cirrhosis,94,4.2,3,C34,Malignant neoplasm of bronchus and lung,73,3.1,3,X42,Accidental poisoning by and exposure to narcotics and psychodysleptics [hallucinogens] not elsewhere classified,75,3.8
,4,42,Cancer of female genital organs,472,5.0,4,129,Chronic nephritis (including unspecified over 10 years of age),285,3.8,4,48,Cancer of the uterus,367,5.5,4,83a,Cerebral haemorrhage,197,3.6,4,171,Malignant neoplasm of cervix uteri,150,3.8,4,410,Diseases of mitral valve,160,4.4,4,162,Malignant neoplasm of trachea bronchus and lung,95,3.6,4,183,Malignant neoplasm of ovary and other uterine adnexa,91,4.2,4,430,Subarachnoid haemorrhage,91,4.1,4,I60,Subarachnoid hemorrhage,72,3.1,4,C34,Malignant neoplasm of bronchus and lung,65,3.3
,5,79C,Other organic disease of heart,423,4.5,5,44,Cancer of the pharynx oesophagus stomach liver and annexa,254,3.4,5,92(2),Mitral valve disease,269,4.0,5,46c,Cancer of the intestines other than duodenum or rectum,164,3.0,4,2,Pulmonary tuberculosis,150,3.8,5,175,Malignant neoplasm of ovary fallopian tube and broad ligament,138,3.8,4,430,Subarachnoid haemorrhage,95,3.6,5,162,Malignant neoplasm of trachea bronchus and lung,89,4.1,5,180,Malignant neoplasm of cervix uteri,87,3.9,5,I25,Chronic ischaemic heart disease,59,2.5,5,X70,Intentional self-harm by hanging strangulation and suffocation,52,2.6
,6,120A,Bright's disease (as 1901 list),325,3.5,6,90(2),Mitral valve disease,240,3.2,6,131,Chronic nephritis,235,3.5,6,49,Cancer of other female genital organs,142,2.6,6,330,Subarachnoid haemorrhage,137,3.5,6,330,Subarachnoid haemorrhage,128,3.5,6,180,Malignant neoplasm of cervix uteri,78,3.0,6,410,Acute myocardial infarction,88,4.0,6,410,Acute myocardial infarction,69,3.1,5,C53,Malignant neoplasm of cervix uteri,59,2.5,6,J18,Pneumonia organism unspecified,45,2.3
,7,43,Cancer of breast,310,3.3,7,101a,Lobar pneumonia,234,3.1,7,108,Lobar pneumonia,220,3.3,7,48a,Cancer of the uterus specified as cancer of cervix,135,2.5,7,331,Cerebral haemorrhage,132,3.4,7,970,Suicide and self-inflicted poisoning by analgesic and soporific substances,108,3.0,7,153,Malignant neoplasm of large intestine except rectum,75,2.9,7,153,Malignant neoplasm of colon,53,2.4,7,183,Malignant neoplasm of ovary and other uterine adnexa,68,3.1,7,I21,Acute myocardial infarction,56,2.4,7,I25,Chronic ischaemic heart disease,43,2.2
,8,89&90B,Other bronchitis,293,3.1,8,90(4),Other or unspecified valve disease,214,2.9,8,92(5),Other or unspecified valve disease,162,2.4,8,46b,Cancer of the stomach and duodenum,133,2.4,8,420,Arteriosclerotic heart disease including coronary disease,126,3.2,8,153,Malignant neoplasm of large intestine except rectum,91,2.5,8,950,Suicide and self inflicted poisoning by solid or liquid substances,66,2.5,8,191,Malignant neoplasm of brain,51,2.3,8,199,Malignant neoplasm without specification of site,67,3.0,8,C56,Malignant neoplasm of ovary,51,2.2,8,C53,Malignant neoplasm of cervix uteri,41,2.1
,9,92A,Lobar pneumonia,273,2.9,9,45,Cancer of the peritoneum intestines and rectum,167,2.2,9,93b(3),Other myocardial degeneration,152,2.3,9,197,Deaths of civilians due to operations of war,105,1.9,9,153,Malignant neoplasm of large intestine except rectum,110,2.8,9,241,Asthma,90,2.5,9,431,Cerebral haemorrhage,49,1.9,9,414,Other forms of chronic ischaemic heart disease,49,2.3,9,414,Other forms of chronic ischaemic heart disease,56,2.5,9,C71,Malignant neoplasm of brain,49,2.1,9,I21,Acute myocardial infarction,39,2.0
,10,92B,Pneumonia (type not stated),266,2.8,10,49,Cancer of other or unspecifed organs,147,2.0,10,82a(1),Cerebral haemorrhage so returned,141,2.1,10,92b(2),Other specified valvular diseases (inc. sequelae of rheumatic fever),104,1.9,10,151,Malignant neoplasm of stomach,87,2.2,10,331,Cerebral haemorrhage,86,2.3,10,394,Diseases of mitral valve,45,1.7,10,571,Chronic liver disease and cirrhosis,46,2.1,10,191,Malignant neoplasm of brain,51,2.3,9,C80,Malignant neoplasm without specification of site,49,2.1,9,C71,Malignant neoplasm of brain,39,2.0
,,,,,,,,,,,,,,,,,,,,,,,,,,,,,,,,,,,,10,199,Malignant neoplasm without specification of site,46,2.1,,,,,,,,,,,,,,,
45-49 years,1,79A,Valvular disease,832,7.7,1,31,Tuberculosis of the respiratory system,953,10.0,1,46,Cancer of the digestive organs and peritoneum,673,7.8,1,50,Cancer of the breast,646,8.8,1,170,Malignant neoplasm of breast,812,13.1,1,170,Malignant neoplasm of breast,720,14.2,1,174,Malignant neoplasm of breast,807,17.0,1,174,Malignant neoplasm of female breast,681,19.7,1,174,Malignant neoplasm of female breast,790,20.5,1,C50,Malignant neoplasm of breast,509,15.3,1,C50,Malignant neoplasm of breast,478,14.3
,2,28A,Pulmonary tuberculosis,798,7.4,2,46,Cancer of the female genital organs,725,7.6,2,50,Cancer of the breast,617,7.1,2,13b,Tb. of the resp. system without mention of occupational disease of lung,479,6.5,2,410,Diseases of mitral valve,359,5.8,2,420,Arteriosclerotic heart disease including coronary disease,369,7.3,2,410,Acute myocardial infarction,378,8.0,2,410,Acute myocardial infarction,210,6.1,2,162,Malignant neoplasm of trachea bronchus and lung,234,6.1,2,K70,Alcoholic liver disease,231,7.0,2,K70,Alcoholic liver disease,235,7.0
,3,42,Cancer of female genital organs,659,6.1,3,47,Cancer of the breast,626,6.6,3,23,Tuberculosis of the respiratory system,595,6.9,3,83a,Cerebral haemorrhage,473,6.4,3,331,Cerebral haemorrhage,355,5.7,3,171,Malignant neoplasm of cervix uteri,262,5.2,3,162,Malignant neoplasm of trachea bronchus and lung,254,5.4,3,162,Malignant neoplasm of trachea bronchus and lung,203,5.9,3,183,Malignant neoplasm of ovary and other uterine adnexa,190,4.9,3,C34,Malignant neoplasm of bronchus and lung,194,5.8,3,C34,Malignant neoplasm of bronchus and lung,172,5.1
,4,79C,Other organic disease of heart,613,5.7,4,44,Cancer of the pharynx oesophagus stomach liver and annexa,446,4.7,4,48,Cancer of the uterus,520,6.0,4,92b(1),Mitral valve disease,333,4.5,4,420,Arteriosclerotic heart disease including coronary disease,308,5.0,4,175,Malignant neoplasm of ovary fallopian tube and broad ligament,254,5.0,4,183,Malignant neoplasm of ovary fallopian tube and broad ligament,250,5.3,4,183,Malignant neoplasm of ovary and other uterine adnexa,183,5.3,4,410,Acute myocardial infarction,151,3.9,4,C56,Malignant neoplasm of ovary,120,3.6,4,I25,Chronic ischaemic heart disease,109,3.3
,5,89&90B,Other bronchitis,496,4.6,5,129,Chronic nephritis (including unspecified over 10 years of age),372,3.9,5,131,Chronic nephritis,362,4.2,5,49,Cancer of other female genital organs,246,3.3,5,175,Malignant neoplasm of ovary fallopian tube and broad ligament,284,4.6,5,331,Cerebral haemorrhage,196,3.9,5,430,Subarachnoid haemorrhage,192,4.0,5,153,Malignant neoplasm of colon,130,3.8,5,571,Chronic liver disease and cirrhosis,144,3.7,5,I25,Chronic ischaemic heart disease,119,3.6,5,J18,Pneumonia organism unspecified,81,2.4
,6,43,Cancer of breast,467,4.3,6,74a(1),Cerebral haemorrhage so returned,367,3.9,6,92(2),Mitral valve disease,318,3.7,6,48a,Cancer of the uterus specified as cancer of cervix,215,2.9,6,171,Malignant neoplasm of cervix uteri,213,3.4,6,410,Diseases of mitral valve,194,3.8,6,180,Malignant neoplasm of cervix uteri,154,3.2,6,180,Malignant neoplasm of cervix uteri,117,3.4,6,199,Malignant neoplasm without specification of site,121,3.1,6,I60,Subarachnoid hemorrhage,101,3.0,6,C56,Malignant neoplasm of ovary,80,2.4
,7,120A,Bright's disease (as 1901 list),428,4.0,7,90(4),Other or unspecified valve disease,362,3.8,7,82a(1),Cerebral haemorrhage so returned,287,3.3,7,48b,Other or unspecified cancer of the uterus,212,2.9,7,151,Malignant neoplasm of stomach,168,2.7,7,330,Subarachnoid haemorrhage,176,3.5,7,153,Malignant neoplasm of large intestine except rectum,124,2.6,7,414,Other forms of chronic ischaemic heart disease,111,3.2,7,430,Subarachnoid haemorrhage,116,3.0,7,C80,Malignant neoplasm without specification of site,88,2.7,7,I21,Acute myocardial infarction,75,2.2
,7,64E,Cerebral haemorrhage,428,4.0,8,90(2),Mitral valve disease,316,3.3,8,93b(3),Other myocardial degeneration,277,3.2,8,46b,Cancer of the stomach and duodenum,208,2.8,8,330,Subarachnoid haemorrhage,156,2.5,8,153,Malignant neoplasm of large intestine except rectum,146,2.9,8,431,Cerebral haemorrhage,107,2.3,8,430,Subarachnoid haemorrhage,99,2.9,8,414,Other forms of chronic ischaemic heart disease,111,2.9,8,I21,Acute myocardial infarction,81,2.4,8,C80,Malignant neoplasm without specification of site,71,2.1
,9,40,Cancer of stomach liver etc,416,3.9,9,45,Cancer of the peritoneum intestines and rectum,278,2.9,9,92(5),Other or unspecified valve disease,230,2.7,9,46c,Cancer of the intestines other than duodenum or rectum,203,2.8,9,153,Malignant neoplasm of large intestine except rectum,149,2.4,9,162,Malignant neoplasm of bronchus and trachea and of lung (primary),144,2.8,9,412,Chronic ischaemic heart disease,88,1.9,9,199,Malignant neoplasm without specification of site,75,2.2,9,180,Malignant neoplasm of cervix uteri,110,2.9,9,C71,Malignant neoplasm of brain,70,2.1,9,I60,Subarachnoid hemorrhage,68,2.0
,10,28B,Phthisis (not def. as t.b.),384,3.6,10,101a,Lobar pneumonia,240,2.5,10,108,Lobar pneumonia,227,2.6,10,93c(3),Other myocardial degeneration,156,2.1,10,2,Pulmonary tuberculosis,129,2.1,10,151,Malignant neoplasm of stomach,111,2.2,10,950,Suicide and self inflicted poisoning by solid or liquid substances,85,1.8,10,191,Malignant neoplasm of brain,64,1.8,10,153,Malignant neoplasm of colon,102,2.6,10,C53,Malignant neoplasm of cervix uteri,57,1.7,10,C71,Malignant neoplasm of brain,65,1.9
50-54 years,1,79A,Valvular disease,963,7.6,1,46,Cancer of the female genital organs,870,7.4,1,46,Cancer of the digestive organs and peritoneum,1114,9.6,1,83a,Cerebral haemorrhage,875,8.8,1,170,Malignant neoplasm of breast,959,10.6,1,170,Malignant neoplasm of breast,1079,12.7,1,174,Malignant neoplasm of breast,1230,14.8,1,174,Malignant neoplasm of female breast,988,17.5,1,174,Malignant neoplasm of female breast,971,18.9,1,C50,Malignant neoplasm of breast,709,14.6,1,C50,Malignant neoplasm of breast,729,14.3
,2,79C,Other organic disease of heart,864,6.8,2,47,Cancer of the breast,733,6.2,2,50,Cancer of the breast,842,7.3,2,50,Cancer of the breast,819,8.2,2,331,Cerebral haemorrhage,735,8.1,2,420,Arteriosclerotic heart disease including coronary disease,856,10.1,2,410,Acute myocardial infarction,829,10.0,2,410,Acute myocardial infarction,533,9.4,2,162,Malignant neoplasm of trachea bronchus and lung,370,7.2,2,C34,Malignant neoplasm of bronchus and lung,429,8.8,2,C34,Malignant neoplasm of bronchus and lung,408,8.0
,3,89&90B,Other bronchitis,779,6.1,3,44,Cancer of the pharynx oesophagus stomach liver and annexa,672,5.7,3,48,Cancer of the uterus,597,5.2,3,92b(1),Mitral valve disease,383,3.8,3,420,Arteriosclerotic heart disease including coronary disease,649,7.2,3,175,Malignant neoplasm of ovary fallopian tube and broad ligament,430,5.1,3,162,Malignant neoplasm of trachea bronchus and lung,587,7.1,3,162,Malignant neoplasm of trachea bronchus and lung,340,6.0,3,410,Acute myocardial infarction,277,5.4,3,K70,Alcoholic liver disease,231,4.8,3,K70,Alcoholic liver disease,244,4.8
,4,64E,Cerebral haemorrhage,734,5.8,4,31,Tuberculosis of the respiratory system,667,5.7,4,82a(1),Cerebral haemorrhage so returned,556,4.8,4,13b,Tb. of the resp. system without mention of occupational disease of lung,364,3.6,4,410,Diseases of mitral valve,416,4.6,4,331,Cerebral haemorrhage,413,4.9,4,183,Malignant neoplasm of ovary fallopian tube and broad ligament,401,4.8,4,183,Malignant neoplasm of ovary and other uterine adnexa,302,5.3,4,183,Malignant neoplasm of ovary and other uterine adnexa,264,5.1,4,C56,Malignant neoplasm of ovary,205,4.2,4,I25,Chronic ischaemic heart disease,179,3.5
,5,42,Cancer of female genital organs,701,5.5,5,74a(1),Cerebral haemorrhage so returned,665,5.6,5,23,Tuberculosis of the respiratory system,551,4.8,5,46c,Cancer of the intestines other than duodenum or rectum,358,3.6,5,175,Malignant neoplasm of ovary fallopian tube and broad ligament,386,4.3,5,171,Malignant neoplasm of cervix uteri,334,3.9,5,180,Malignant neoplasm of cervix uteri,258,3.1,5,414,Other forms of chronic ischaemic heart disease,240,4.3,5,414,Other forms of chronic ischaemic heart disease,193,3.8,5,I25,Chronic ischaemic heart disease,172,3.5,5,C56,Malignant neoplasm of ovary,157,3.1
,6,40,Cancer of stomach liver etc,651,5.1,6,90(4),Other or unspecified valve disease,516,4.4,6,93b(3),Other myocardial degeneration,502,4.3,6,93c(3),Other myocardial degeneration,343,3.4,6,153,Malignant neoplasm of large intestine except rectum,316,3.5,6,410,Diseases of mitral valve,312,3.7,6,153,Malignant neoplasm of large intestine except rectum,252,3.0,6,153,Malignant neoplasm of colon,194,3.4,6,199,Malignant neoplasm without specification of site,161,3.1,6,C80,Malignant neoplasm without specification of site,150,3.1,6,I21,Acute myocardial infarction,140,2.7
,7,28A,Pulmonary tuberculosis,640,5.1,7,129,Chronic nephritis (including unspecified over 10 years of age),505,4.3,7,131,Chronic nephritis,441,3.8,7,46b,Cancer of the stomach and duodenum,325,3.3,7,151,Malignant neoplasm of stomach,306,3.4,7,162,Malignant neoplasm of bronchus and trachea and of lung (primary),300,3.5,7,431,Cerebral haemorrhage,231,2.8,7,430,Subarachnoid haemorrhage,148,2.6,7,571,Chronic liver disease and cirrhosis,158,3.1,7,I21,Acute myocardial infarction,138,2.8,7,C25,Malignant neoplasm of pancreas,128,2.5
,8,43,Cancer of breast,540,4.3,8,45,Cancer of the peritoneum intestines and rectum,496,4.2,8,92(2),Mitral valve disease,372,3.2,8,49,Cancer of other female genital organs,318,3.2,8,171,Malignant neoplasm of cervix uteri,294,3.3,8,153,Malignant neoplasm of large intestine except rectum,253,3.0,8,430,Subarachnoid haemorrhage,229,2.8,8,180,Malignant neoplasm of cervix uteri,138,2.4,8,153,Malignant neoplasm of colon,152,3.0,8,I60,Subarachnoid hemorrhage,130,2.7,8,J44,Other chronic obstructive pulmonary disease,121,2.4
,9,120A,Bright's disease (as 1901 list),529,4.2,9,90(2),Mitral valve disease,420,3.6,9,92(5),Other or unspecified valve disease,272,2.4,9,94a,Diseases of the coronary arteries,309,3.1,9,330,Subarachnoid haemorrhage,205,2.3,9,330,Subarachnoid haemorrhage,231,2.7,9,412,Chronic ischaemic heart disease,220,2.6,9,199,Malignant neoplasm without specification of site,116,2.1,9,430,Subarachnoid haemorrhage,149,2.9,9,J44,Other chronic obstructive pulmonary disease,99,2.0,9,C18,Malignant neoplasm of colon,118,2.3
,10,41,Cancer of peritoneum intestines & rectum,398,3.1,10,90(7),Other or unspecified myocardial disease,357,3.0,10,49,Cancer of the other female genital organs,254,2.2,10,48b,Other or unspecified cancer of the uterus,290,2.9,10,332,Cerebral embolism and thrombosis,195,2.2,10,151,Malignant neoplasm of stomach,195,2.3,10,485,Bronchopneumonia unspecified,165,2.0,10,191,Malignant neoplasm of brain,105,1.9,10,180,Malignant neoplasm of cervix uteri,106,2.1,10,C18,Malignant neoplasm of colon,97,2.0,10,J18,Pneumonia organism unspecified,115,2.3
55-59 years,1,79A,Valvular disease,1171,8.2,1,74a(1),Cerebral haemorrhage so returned,941,6.8,1,46,Cancer of the digestive organs and peritoneum,1642,10.8,1,83a,Cerebral haemorrhage,1299,9.7,1,420,Arteriosclerotic heart disease including coronary disease,1317,10.7,1,420,Arteriosclerotic heart disease including coronary disease,1875,14.8,1,410,Acute myocardial infarction,1466,13.4,1,174,Malignant neoplasm of female breast,1352,13.5,1,174,Malignant neoplasm of female breast,1042,14.2,1,C50,Malignant neoplasm of breast,1110,14.0,1,C50,Malignant neoplasm of breast,741,11.0
,2,89&90B,Other bronchitis,1134,7.9,2,44,Cancer of the pharynx oesophagus stomach liver and annexa,819,5.9,2,50,Cancer of the breast,968,6.4,2,50,Cancer of the breast,939,7.0,2,331,Cerebral haemorrhage,1118,9.1,2,170,Malignant neoplasm of breast,1271,10.0,2,174,Malignant neoplasm of breast,1242,11.4,2,410,Acute myocardial infarction,1250,12.5,2,162,Malignant neoplasm of trachea bronchus and lung,590,8.0,2,C34,Malignant neoplasm of bronchus and lung,800,10.1,2,C34,Malignant neoplasm of bronchus and lung,740,11.0
,3,79C,Other organic disease of heart,1122,7.8,3,46,Cancer of the female genital organs,788,5.7,3,82a(1),Cerebral haemorrhage so returned,836,5.5,3,93c(3),Other myocardial degeneration,616,4.6,3,170,Malignant neoplasm of breast,984,8.0,3,331,Cerebral haemorrhage,766,6.0,3,162,Malignant neoplasm of trachea bronchus and lung,741,6.8,3,162,Malignant neoplasm of trachea bronchus and lung,804,8.0,3,410,Acute myocardial infarction,524,7.1,3,C56,Malignant neoplasm of ovary,378,4.8,3,J44,Other chronic obstructive pulmonary disease,270,4.0
,4,64E,Cerebral haemorrhage,965,6.7,4,47,Cancer of the breast,681,4.9,4,93b(3),Other myocardial degeneration,834,5.5,4,46b,Cancer of the stomach and duodenum,540,4.0,4,151,Malignant neoplasm of stomach,444,3.6,4,175,Malignant neoplasm of ovary fallopian tube and broad ligament,470,3.7,4,412,Chronic ischaemic heart disease,406,3.7,4,414,Other forms of chronic ischaemic heart disease,518,5.2,4,414,Other forms of chronic ischaemic heart disease,443,6.0,4,I25,Chronic ischaemic heart disease,306,3.9,4,K70,Alcoholic liver disease,266,4.0
,5,40,Cancer of stomach liver etc,851,5.9,5,90(7),Other or unspecified myocardial disease,611,4.4,5,48,Cancer of the uterus,664,4.4,5,94a,Diseases of the coronary arteries,526,3.9,5,175,Malignant neoplasm of ovary fallopian tube and broad ligament,433,3.5,5,153,Malignant neoplasm of large intestine except rectum,389,3.1,5,183,Malignant neoplasm of ovary fallopian tube and broad ligament,405,3.7,5,183,Malignant neoplasm of ovary and other uterine adnexa,407,4.1,5,183,Malignant neoplasm of ovary and other uterine adnexa,436,5.9,5,I21,Acute myocardial infarction,301,3.8,5,I25,Chronic ischaemic heart disease,254,3.8
,6,42,Cancer of female genital organs,659,4.6,6,129,Chronic nephritis (including unspecified over 10 years of age),605,4.4,6,131,Chronic nephritis,614,4.0,6,46c,Cancer of the intestines other than duodenum or rectum,505,3.8,6,332,Cerebral embolism and thrombosis,425,3.4,6,151,Malignant neoplasm of stomach,375,3.0,6,153,Malignant neoplasm of large intestine except rectum,359,3.3,6,153,Malignant neoplasm of colon,347,3.5,6,199,Malignant neoplasm without specification of site,269,3.7,6,C80,Malignant neoplasm without specification of site,277,3.5,6,C56,Malignant neoplasm of ovary,207,3.1
,7,120A,Bright's disease (as 1901 list),580,4.1,7,45,Cancer of the peritoneum intestines and rectum,580,4.2,7,92(2),Mitral valve disease,455,3.0,7,92b(1),Mitral valve disease,404,3.0,7,410,Diseases of mitral valve,419,3.4,7,162,Malignant neoplasm of bronchus and trachea and of lung (primary),368,2.9,7,485,Bronchopneumonia unspecified,292,2.7,7,436,Acute but ill-defined cerebrovascular disease,257,2.6,7,153,Malignant neoplasm of colon,262,3.6,7,J44,Other chronic obstructive pulmonary disease,240,3.0,7,C80,Malignant neoplasm without specification of site,201,3.0
,8,41,Cancer of peritoneum intestines & rectum,504,3.5,8,90(4),Other or unspecified valve disease,576,4.2,8,23,Tuberculosis of the respiratory system,446,2.9,8,48b,Other or unspecified cancer of the uterus,395,2.9,8,153,Malignant neoplasm of large intestine except rectum,401,3.3,8,410,Diseases of mitral valve,359,2.8,7,180,Malignant neoplasm of cervix uteri,292,2.7,8,199,Malignant neoplasm without specification of site,251,2.5,8,496,Chronic airways obstruction not elsewhere classified,184,2.5,8,K70,Alcoholic liver disease,235,3.0,8,I21,Acute myocardial infarction,194,2.9
,9,43,Cancer of breast,484,3.4,9,31,Tuberculosis of the respiratory system,535,3.9,9,92(5),Other or unspecified valve disease,407,2.7,9,106b,Chronic bronchitis,371,2.8,9,171,Malignant neoplasm of cervix uteri,353,2.9,9,332,Cerebal embolism and thrombosis,334,2.6,9,431,Cerebral haemorrhage,286,2.6,9,430,Subarachnoid haemorrhage,223,2.2,9,485,Bronchopneumonia organism unspecified,146,2.0,9,C18,Malignant neoplasm of colon,221,2.8,9,C25,Malignant neoplasm of pancreas,189,2.8
,10,28A,Pulmonary tuberculosis,427,3.0,10,90(2),Mitral valve disease,449,3.3,10,59,Diabetes,394,2.6,10,83bc,Cerebral embolism thrombosis and softening,370,2.8,10,422,Other myocardial degeneration,313,2.5,10,330,Subarachnoid haemorrhage,299,2.4,10,491,Chronic bronchitis,263,2.4,10,496,Chronic airways obstruction not elsewhere classified,206,2.1,10,571,Chronic liver disease and cirrhosis,143,1.9,10,C25,Malignant neoplasm of pancreas,206,2.6,10,C18,Malignant neoplasm of colon,154,2.3
60-64 years,1,89&90B,Other bronchitis,1908,10.9,1,74a(1),Cerebral haemorrhage so returned,1354,8.0,1,46,Cancer of the digestive organs and peritoneum,2305,11.6,1,83a,Cerebral haemorrhage,2044,10.7,1,420,Arteriosclerotic heart disease including coronary disease,2374,13.3,1,420,Arteriosclerotic heart disease including coronary disease,3589,19.4,1,410,Acute myocardial infarction,3002,16.4,1,410,Acute myocardial infarction,2791,15.8,1,410,Acute myocardial infarction,1192,10.4,1,C34,Malignant neoplasm of bronchus and lung,1088,11.0,1,C34,Malignant neoplasm of bronchus and lung,1260,13.0
,2,79C,Other organic disease of heart,1653,9.4,2,44,Cancer of the pharynx oesophagus stomach liver and annexa,1065,6.3,2,93b(3),Other myocardial degeneration,1540,7.8,2,93c(3),Other myocardial degeneration,1214,6.3,2,331,Cerebral haemorrhage,1666,9.3,2,331,Cerebral haemorrhage,1383,7.5,2,174,Malignant neoplasm of breast,1483,8.1,2,174,Malignant neoplasm of female breast,1721,9.7,2,174,Malignant neoplasm of female breast,1124,9.8,2,C50,Malignant neoplasm of breast,993,10.1,2,C50,Malignant neoplasm of breast,776,8.0
,3,79A,Valvular disease,1528,8.7,3,90(7),Other or unspecified myocardial disease,946,5.6,3,82a(1),Cerebral haemorrhage so returned,1176,5.9,3,50,Cancer of the breast,992,5.2,3,170,Malignant neoplasm of breast,1034,5.8,3,170,Malignant neoplasm of breast,1218,6.6,3,162,Malignant neoplasm of trachea bronchus and lung,1100,6.0,3,162,Malignant neoplasm of trachea bronchus and lung,1528,8.7,3,162,Malignant neoplasm of trachea bronchus and lung,1055,9.2,3,I25,Chronic ischaemic heart disease,569,5.8,3,J44,Other chronic obstructive pulmonary disease,611,6.3
,4,64E,Cerebral haemorrhage,1303,7.4,4,45,Cancer of the peritoneum intestines and rectum,795,4.7,4,50,Cancer of the breast,1000,5.0,4,94a,Diseases of the coronary arteries,969,5.1,4,332,Cerebral embolism and thrombosis,913,5.1,4,332,Cerebal embolism and thrombosis,805,4.3,4,412,Chronic ischaemic heart disease,898,4.9,4,414,Other forms of chronic ischaemic heart disease,1094,6.2,4,414,Other forms of chronic ischaemic heart disease,823,7.2,4,J44,Other chronic obstructive pulmonary disease,471,4.8,4,I25,Chronic ischaemic heart disease,447,4.6
,5,40,Cancer of stomach liver etc,1031,5.9,5,46,Cancer of the female genital organs,761,4.5,5,131,Chronic nephritis,785,4.0,5,83bc,Cerebral embolism thrombosis and softening,814,4.2,5,422,Other myocardial degeneration,829,4.6,5,153,Malignant neoplasm of large intestine except rectum,584,3.2,5,436,Acute but ill-defined cerebrovascular disease,674,3.7,5,436,Acute but ill-defined cerebrovascular disease,730,4.1,5,183,Malignant neoplasm of ovary and other uterine adnexa,449,3.9,5,I21,Acute myocardial infarction,470,4.8,5,C25,Malignant neoplasm of pancreas,341,3.5
,6,120A,Bright's disease (as 1901 list),712,4.1,6,90(4),Other or unspecified valve disease,703,4.2,6,59,Diabetes,684,3.4,6,46b,Cancer of the stomach and duodenum,793,4.1,6,151,Malignant neoplasm of stomach,609,3.4,6,502,Chronic bronchitis,543,2.9,6,153,Malignant neoplasm of large intestine except rectum,593,3.2,6,183,Malignant neoplasm of ovary and other uterine adnexa,590,3.3,6,496,Chronic airways obstruction not elsewhere classified,416,3.6,6,C56,Malignant neoplasm of ovary,450,4.6,6,C56,Malignant neoplasm of ovary,315,3.3
,7,41,Cancer of peritoneum intestines & rectum,616,3.5,7,129,Chronic nephritis (including unspecified over 10 years of age),682,4.0,7,93c,Myocarditis not returned as acute or chronic,661,3.3,7,93c(1),Cardio-vascular degeneration,710,3.7,7,153,Malignant neoplasm of large intestine except rectum,558,3.1,7,151,Malignant neoplasm of stomach,536,2.9,7,485,Bronchopneumonia unspecified,581,3.2,7,153,Malignant neoplasm of colon,552,3.1,7,199,Malignant neoplasm without specification of site,407,3.6,7,C80,Malignant neoplasm without specification of site,353,3.6,7,C80,Malignant neoplasm without specification of site,287,3.0
,8,42,Cancer of female genital organs,605,3.5,8,47,Cancer of the breast,676,4.0,8,48,Cancer of the uterus,602,3.0,8,46c,Cancer of the intestines other than duodenum or rectum,702,3.7,8,502,Chronic bronchitis,520,2.9,8,175,Malignant neoplasm of ovary fallopian tube and broad ligament,483,2.6,8,183,Malignant neoplasm of ovary fallopian tube and broad ligament,550,3.0,8,199,Malignant neoplasm without specification of site,449,2.5,8,436,Acute but ill-defined cerebrovascular disease,352,3.1,8,C25,Malignant neoplasm of pancreas,289,2.9,8,I21,Acute myocardial infarction,279,2.9
,9,43,Cancer of breast,479,2.7,9,90(9),Heart disease (undefined),561,3.3,9,92(2),Mitral valve disease,541,2.7,9,106b,Chronic bronchitis,532,2.8,9,410,Diseases of mitral valve,468,2.6,9,491,Bronchopneumonia,451,2.4,9,431,Cerebral haemorrhage,547,3.0,9,496,Chronic airways obstruction not elsewhere classified,388,2.2,9,153,Malignant neoplasm of colon,349,3.0,9,C18,Malignant neoplasm of colon,275,2.8,9,K70,Alcoholic liver disease,238,2.5
,10,10,Influenza,410,2.3,10,90(2),Mitral valve disease,560,3.3,10,94,Diseases of the coronary arteries Angina pectoris,534,2.7,10,92b(1),Mitral valve disease,473,2.5,10,443,Other and unspecified hypertensive heart disease,461,2.6,10,162,Malignant neoplasm of bronchus and trachea and of lung (primary),448,2.4,10,491,Chronic bronchitis,445,2.4,10,157,Malignant neoplasm of pancreas,329,1.9,10,157,Malignant neoplasm of pancreas,234,2.0,10,J18,Pneumonia organism unspecified,207,2.1,10,J18,Pneumonia organism unspecified,211,2.2
65-69 years,1,89&90B,Other bronchitis,2753,13.7,1,74a(1),Cerebral haemorrhage so returned,1807,8.7,1,46,Cancer of the digestive organs and peritoneum,2773,11.2,1,83a,Cerebral haemorrhage,2953,11.4,1,420,Arteriosclerotic heart disease including coronary disease,4006,15.2,1,420,Arteriosclerotic heart disease including coronary disease,5964,22.6,1,410,Acute myocardial infarction,5310,19.5,1,410,Acute myocardial infarction,4212,18.7,1,410,Acute myocardial infarction,2504,12.7,1,C34,Malignant neoplasm of bronchus and lung,1518,10.5,1,C34,Malignant neoplasm of bronchus and lung,2076,13.3
,2,79C,Other organic disease of heart,2088,10.4,2,90(7),Other or unspecified myocardial disease,1476,7.1,2,93b(3),Other myocardial degeneration,2479,10.0,2,93c(3),Other myocardial degeneration,2275,8.8,2,331,Cerebral haemorrhage,2477,9.4,2,331,Cerebral haemorrhage,1980,7.5,2,412,Chronic ischaemic heart disease,1712,6.3,2,162,Malignant neoplasm of trachea bronchus and lung,1653,7.4,2,162,Malignant neoplasm of trachea bronchus and lung,1784,9.1,2,I25,Chronic ischaemic heart disease,1003,6.9,2,J44,Other chronic obstructive pulmonary disease,1164,7.4
,3,79A,Valvular disease,1689,8.4,3,44,Cancer of the pharynx oesophagus stomach liver and annexa,1278,6.2,3,82a(1),Cerebral haemorrhage so returned,1594,6.5,3,94a,Diseases of the coronary arteries,1507,5.8,3,422,Other myocardial degeneration,1964,7.5,3,332,Cerebal embolism and thrombosis,1607,6.1,3,174,Malignant neoplasm of breast,1609,5.9,3,414,Other forms of chronic ischaemic heart disease,1642,7.3,3,414,Other forms of chronic ischaemic heart disease,1609,8.2,3,C50,Malignant neoplasm of breast,997,6.9,3,C50,Malignant neoplasm of breast,1008,6.4
,4,64E,Cerebral haemorrhage,1546,7.7,4,90(4),Other or unspecified valve disease,971,4.7,4,93c,Myocarditis not returned as acute or chronic,968,3.9,4,93c(1),Cardio-vascular degeneration,1401,5.4,4,332,Cerebral embolism and thrombosis,1897,7.2,4,170,Malignant neoplasm of breast,1183,4.5,4,436,Acute but ill-defined cerebrovascular disease,1270,4.7,4,174,Malignant neoplasm of female breast,1515,6.7,4,174,Malignant neoplasm of female breast,1394,7.1,4,J44,Other chronic obstructive pulmonary disease,836,5.8,4,I25,Chronic ischaemic heart disease,687,4.4
,5,40,Cancer of stomach liver etc,1063,5.3,5,45,Cancer of the peritoneum intestines and rectum,925,4.5,5,131,Chronic nephritis,934,3.8,5,83bc,Cerebral embolism thrombosis and softening,1312,5.1,5,170,Malignant neoplasm of breast,1071,4.1,5,491,Bronchopneumonia,849,3.2,5,485,Bronchopneumonia unspecified,1198,4.4,5,436,Acute but ill-defined cerebrovascular disease,1258,5.6,5,496,Chronic airways obstruction not elsewhere classified,984,5.0,5,I21,Acute myocardial infarction,835,5.8,5,C56,Malignant neoplasm of ovary,544,3.5
,6,120A,Bright's disease (as 1901 list),679,3.4,6,90(9),Heart disease (undefined),770,3.7,6,93b(2),Cardio-vascular degeneration,859,3.5,6,46b,Cancer of the stomach and duodenum,1037,4.0,6,443,Other and unspecified hypertensive heart disease,940,3.6,6,153,Malignant neoplasm of large intestine except rectum,793,3.0,6,162,Malignant neoplasm of trachea bronchus and lung,1193,4.4,6,153,Malignant neoplasm of colon,678,3.0,6,436,Acute but ill-defined cerebrovascular disease,830,4.2,6,C56,Malignant neoplasm of ovary,524,3.6,6,I21,Acute myocardial infarction,531,3.4
,7,41,Cancer of peritoneum intestines & rectum,654,3.3,7,90(2),Mitral valve disease,726,3.5,7,50,Cancer of the breast,822,3.3,7,50,Cancer of the breast,980,3.8,7,151,Malignant neoplasm of stomach,920,3.5,7,502,Chronic bronchitis,769,2.9,7,431,Cerebral haemorrhage,834,3.1,7,183,Malignant neoplasm of ovary and other uterine adnexa,536,2.4,7,199,Malignant neoplasm without specification of site,730,3.7,7,C80,Malignant neoplasm without specification of site,513,3.6,7,C25,Malignant neoplasm of pancreas,477,3.1
,8,154B,Senile decay,603,3.0,8,129,Chronic nephritis (including unspecified over 10 years of age),713,3.4,8,59,Diabetes,813,3.3,8,46c,Cancer of the intestines other than duodenum or rectum,937,3.6,8,502,Chronic bronchitis,867,3.3,8,422,Other myocardial degeneration,759,2.9,8,153,Malignant neoplasm of large intestine except rectum,828,3.0,8,496,Chronic airways obstruction not elsewhere classified,531,2.4,8,485,Bronchopneumonia organism unspecified,593,3.0,8,C18,Malignant neoplasm of colon,403,2.8,8,C80,Malignant neoplasm without specification of site,431,2.8
,9,10,Influenza,559,2.8,9,99b,Chronic bronchitis,675,3.3,9,94,Diseases of the coronary arteries Angina pectoris,764,3.1,9,106b,Chronic bronchitis,804,3.1,9,153,Malignant neoplasm of large intestine except rectum,720,2.7,9,151,Malignant neoplasm of stomach,738,2.8,9,433,Cerebral thrombosis,803,2.9,9,199,Malignant neoplasm without specification of site,512,2.3,9,153,Malignant neoplasm of colon,556,2.8,9,C25,Malignant neoplasm of pancreas,376,2.6,9,J18,Pneumonia organism unspecified,388,2.5
,10,42,Cancer of female genital organs,518,2.6,10,99c99d,Bronchitis not distinguished as acute or chronic,652,3.1,10,92(2),Mitral valve disease,673,2.7,10,93d,Myocarditis not distinguished as acute or chronic,650,2.5,10,491,Bronchopneumonia,619,2.4,10,443,Other and unspecified hypertensive heart disease,574,2.2,10,151,Malignant neoplasm of stomach,644,2.4,10,157,Malignant neoplasm of pancreas,398,1.8,10,183,Malignant neoplasm of ovary and other uterine adnexa,544,2.8,10,I64,Stroke not specified as hemorrhage or infarction,338,2.3,10,C18,Malignant neoplasm of colon,345,2.2
70-74 years,1,89&90B,Other bronchitis,3877,15.7,1,74a(1),Cerebral haemorrhage so returned,2135,8.7,1,93b(3),Other myocardial degeneration,3672,12.4,1,93c(3),Other myocardial degeneration,4223,12.9,1,420,Arteriosclerotic heart disease including coronary disease,5531,14.9,1,420,Arteriosclerotic heart disease including coronary disease,8307,22.8,1,410,Acute myocardial infarction,7625,19.8,1,410,Acute myocardial infarction,7424,20.2,1,410,Acute myocardial infarction,4456,13.5,1,C34,Malignant neoplasm of bronchus and lung,1898,8.8,1,C34,Malignant neoplasm of bronchus and lung,2308,11.5
,2,154B,Senile decay,2743,11.1,2,90(7),Other or unspecified myocardial disease,1965,8.0,2,46,Cancer of the digestive organs and peritoneum,2932,9.9,2,83a,Cerebral haemorrhage,3536,10.8,2,422,Other myocardial degeneration,4444,12.0,2,332,Cerebal embolism and thrombosis,3193,8.8,2,412,Chronic ischaemic heart disease,2945,7.6,2,414,Other forms of chronic ischaemic heart disease,3157,8.6,2,414,Other forms of chronic ischaemic heart disease,3202,9.7,2,I25,Chronic ischaemic heart disease,1709,8.0,2,J44,Other chronic obstructive pulmonary disease,1677,8.3
,3,79C,Other organic disease of heart,2535,10.3,3,164(2),Other forms of senile decay,1692,6.9,3,82a(1),Cerebral haemorrhage so returned,1843,6.2,3,93c(1),Cardio-vascular degeneration,2380,7.3,3,331,Cerebral haemorrhage,3547,9.5,3,331,Cerebral haemorrhage,2833,7.8,3,485,Bronchopneumonia unspecified,2437,6.3,3,436,Acute but ill-defined cerebrovascular disease,2847,7.7,3,162,Malignant neoplasm of trachea bronchus and lung,2457,7.5,3,I21,Acute myocardial infarction,1468,6.8,3,I25,Chronic ischaemic heart disease,1035,5.1
,4,64E,Cerebral haemorrhage,1967,8.0,4,44,Cancer of the pharynx oesophagus stomach liver and annexa,1239,5.1,4,93b(2),Cardio-vascular degeneration,1454,4.9,4,83bc,Cerebral embolism thrombosis and softening,1952,6.0,4,332,Cerebral embolism and thrombosis,3484,9.4,4,422,Other myocardial degeneration,1866,5.1,4,436,Acute but ill-defined cerebrovascular disease,2300,6.0,4,162,Malignant neoplasm of trachea bronchus and lung,1952,5.3,4,436,Acute but ill-defined cerebrovascular disease,2102,6.4,4,J44,Other chronic obstructive pulmonary disease,1461,6.8,4,C50,Malignant neoplasm of breast,981,4.9
,5,79A,Valvular disease,1753,7.1,5,99c99d,Bronchitis not distinguished as acute or chronic,1127,4.6,5,93c,Myocarditis not returned as acute or chronic,1323,4.5,5,94a,Diseases of the coronary arteries,1735,5.3,5,443,Other and unspecified hypertensive heart disease,1316,3.5,5,491,Bronchopneumonia,1562,4.3,5,433,Cerebral thrombosis,1739,4.5,5,174,Malignant neoplasm of female breast,1776,4.8,5,496,Chronic airways obstruction not elsewhere classified,1738,5.3,5,C50,Malignant neoplasm of breast,1104,5.1,5,I21,Acute myocardial infarction,771,3.8
,6,40,Cancer of stomach liver etc,1009,4.1,6,90(9),Heart disease (undefined),1015,4.1,6,131,Chronic nephritis,1028,3.5,6,46b,Cancer of the stomach and duodenum,1113,3.4,6,502,Chronic bronchitis,1157,3.1,6,170,Malignant neoplasm of breast,1127,3.1,6,174,Malignant neoplasm of breast,1451,3.8,6,153,Malignant neoplasm of colon,970,2.6,6,174,Malignant neoplasm of female breast,1586,4.8,6,I64,Stroke not specified as hemorrhage or infarction,876,4.1,6,J18,Pneumonia organism unspecified,617,3.1
,7,10,Influenza,757,3.1,7,90(4),Other or unspecified valve disease,1000,4.1,7,97(1),Arterio-sclerosis with cerebral haemorrhage,980,3.3,7,106b,Chronic bronchitis,1084,3.3,7,151,Malignant neoplasm of stomach,1156,3.1,7,151,Malignant neoplasm of stomach,1008,2.8,7,431,Cerebral haemorrhage,1221,3.2,7,496,Chronic airways obstruction not elsewhere classified,822,2.2,7,485,Bronchopneumonia organism unspecified,1468,4.5,7,J18,Pneumonia organism unspecified,684,3.2,7,C25,Malignant neoplasm of pancreas,550,2.7
,8,120A,Bright's disease (as 1901 list),677,2.7,8,99b,Chronic bronchitis,976,4.0,8,162b,Other forms of senile decay,966,3.3,8,46c,Cancer of the intestines other than duodenum or rectum,1003,3.1,8,491,Bronchopneumonia,1057,2.8,8,502,Chronic bronchitis,983,2.7,8,162,Malignant neoplasm of trachea bronchus and lung,1120,2.9,8,199,Malignant neoplasm without specification of site,786,2.1,8,199,Malignant neoplasm without specification of site,1039,3.2,8,C80,Malignant neoplasm without specification of site,659,3.1,8,C56,Malignant neoplasm of ovary,526,2.6
,9,41,Cancer of peritoneum intestines & rectum,666,2.7,9,45,Cancer of the peritoneum intestines and rectum,884,3.6,9,94,Diseases of the coronary arteries Angina pectoris,839,2.8,9,97,Arteriosclerosis (ex. coronary or renal sclerosis or cerebral haemorrhage,905,2.8,9,170,Malignant neoplasm of breast,1012,2.7,9,153,Malignant neoplasm of large intestine except rectum,910,2.5,9,153,Malignant neoplasm of large intestine except rectum,1006,2.6,9,434,Occlusion of cerebral arteries,772,2.1,9,153,Malignant neoplasm of colon,887,2.7,9,C56,Malignant neoplasm of ovary,564,2.6,9,C80,Malignant neoplasm without specification of site,522,2.6
,10,81B,Arterial sclerosis,633,2.6,10,91b(2),Arterio-sclerosis without record of cerebral vascular lesion,852,3.5,10,59,Diabetes,799,2.7,10,93d,Myocarditis not distinguished as acute or chronic,839,2.6,10,153,Malignant neoplasm of large intestine except rectum,946,2.5,10,443,Other and unspecified hypertensive heart disease,897,2.5,10,427,Symptomatic heart disease,939,2.4,10,485,Bronchopneumonia organism unspecified,760,2.1,10,183,Malignant neoplasm of ovary and other uterine adnexa,625,1.9,10,C18,Malignant neoplasm of colon,562,2.6,10,F03,Unspecified dementia,435,2.2
75-79 years,1,154B,Senile decay,4649,20.1,1,164(2),Other forms of senile decay,3090,12.8,1,93b(3),Other myocardial degeneration,4544,15.3,1,93c(3),Other myocardial degeneration,5764,16.7,1,422,Other myocardial degeneration,8094,18.1,1,420,Arteriosclerotic heart disease including coronary disease,9124,20.1,1,410,Acute myocardial infarction,8506,17.6,1,410,Acute myocardial infarction,9520,19.0,1,410,Acute myocardial infarction,5578,14.0,1,I25,Chronic ischaemic heart disease,3073,8.9,1,C34,Malignant neoplasm of bronchus and lung,2293,7.9
,2,89&90B,Other bronchitis,3987,17.2,2,90(7),Other or unspecified myocardial disease,2064,8.6,2,46,Cancer of the digestive organs and peritoneum,2280,7.7,2,83a,Cerebral haemorrhage,3463,10.0,2,420,Arteriosclerotic heart disease including coronary disease,5590,12.5,2,332,Cerebal embolism and thrombosis,4729,10.4,2,412,Chronic ischaemic heart disease,4203,8.7,2,436,Acute but ill-defined cerebrovascular disease,4832,9.6,2,414,Other forms of chronic ischaemic heart disease,4230,10.6,2,I21,Acute myocardial infarction,2519,7.3,2,J44,Other chronic obstructive pulmonary disease,2245,7.8
,3,79C,Other organic disease of heart,2063,8.9,3,74a(1),Cerebral haemorrhage so returned,1983,8.2,3,162b,Other forms of senile decay,2087,7.0,3,93c(1),Cardio-vascular degeneration,3012,8.7,3,332,Cerebral embolism and thrombosis,4670,10.5,3,422,Other myocardial degeneration,3924,8.7,3,485,Bronchopneumonia unspecified,4194,8.7,3,414,Other forms of chronic ischaemic heart disease,4618,9.2,3,436,Acute but ill-defined cerebrovascular disease,3565,8.9,3,C34,Malignant neoplasm of bronchus and lung,2393,6.9,3,I25,Chronic ischaemic heart disease,1588,5.5
,4,64E,Cerebral haemorrhage,1685,7.3,4,99c99d,Bronchitis not distinguished as acute or chronic,1400,5.8,4,82a(1),Cerebral haemorrhage so returned,1772,6.0,4,83bc,Cerebral embolism thrombosis and softening,2203,6.4,4,331,Cerebral haemorrhage,3780,8.5,4,331,Cerebral haemorrhage,3428,7.6,4,436,Acute but ill-defined cerebrovascular disease,3021,6.3,4,174,Malignant neoplasm of female breast,1712,3.4,4,485,Bronchopneumonia organism unspecified,2704,6.8,4,J44,Other chronic obstructive pulmonary disease,2269,6.5,4,F03,Unspecified dementia,1313,4.5
,5,79A,Valvular disease,1390,6.0,5,91b(2),Arterio-sclerosis without record of cerebral vascular lesion,1072,4.4,5,93b(2),Cardio-vascular degeneration,1733,5.8,5,162c,Senility without mention of senile dementia,1915,5.5,5,443,Other and unspecified hypertensive heart disease,1663,3.7,5,491,Bronchopneumonia,2411,5.3,5,433,Cerebral thrombosis,2793,5.8,5,485,Bronchopneumonia organism unspecified,1648,3.3,5,162,Malignant neoplasm of trachea bronchus and lung,1922,4.8,5,I64,Stroke not specified as hemorrhage or infarction,1989,5.7,5,C50,Malignant neoplasm of breast,1219,4.2
,6,10,Influenza,681,2.9,6,99b,Chronic bronchitis,977,4.0,6,93c,Myocarditis not returned as acute or chronic,1374,4.6,6,94a,Diseases of the coronary arteries,1380,4.0,6,491,Bronchopneumonia,1517,3.4,6,450,General arteriosclerosis,1227,2.7,6,431,Cerebral haemorrhage,1540,3.2,6,434,Occlusion of cerebral arteries,1590,3.2,6,496,Chronic airways obstruction not elsewhere classified,1662,4.2,6,J18,Pneumonia organism unspecified,1558,4.5,6,I21,Acute myocardial infarction,1124,3.9
,7,81B,Arterial sclerosis,650,2.8,7,90(9),Heart disease (undefined),902,3.7,7,97(1),Arterio-sclerosis with cerebral haemorrhage,887,3.0,7,97,Arteriosclerosis (ex. coronary or renal sclerosis or cerebral haemorrhage,1207,3.5,7,450,General arteriosclerosis,1401,3.1,7,502,Chronic bronchitis,1200,2.6,7,427,Symptomatic heart disease,1526,3.2,7,162,Malignant neoplasm of trachea bronchus and lung,1589,3.2,7,174,Malignant neoplasm of female breast,1409,3.5,7,C50,Malignant neoplasm of breast,1390,4.0,7,J18,Pneumonia organism unspecified,1104,3.8
,8,40,Cancer of stomach liver etc,643,2.8,8,90(4),Other or unspecified valve disease,890,3.7,8,97(3),Arterio-sclerosis without record of cerebral vascular lesion,878,3.0,8,106b,Chronic bronchitis,1205,3.5,8,502,Chronic bronchitis,1364,3.1,8,443,Other and unspecified hypertensive heart disease,1110,2.5,8,174,Malignant neoplasm of breast,1230,2.6,8,153,Malignant neoplasm of colon,1112,2.2,8,199,Malignant neoplasm without specification of site,1154,2.9,8,C80,Malignant neoplasm without specification of site,999,2.9,8,I64,Stroke not specified as hemorrhage or infarction,888,3.1
,9,120A,Bright's disease (as 1901 list),486,2.1,9,44,Cancer of the pharynx oesophagus stomach liver and annexa,858,3.6,9,131,Chronic nephritis,876,3.0,9,46c,Cancer of the intestines other than duodenum or rectum,924,2.7,9,151,Malignant neoplasm of stomach,1172,2.6,9,434,Other and unspecified diseases of heart,1064,2.3,9,153,Malignant neoplasm of large intestine except rectum,1071,2.2,9,290,Senile and presenile organic psychotic conditions,968,1.9,9,153,Malignant neoplasm of colon,885,2.2,9,C18,Malignant neoplasm of colon,716,2.1,9,G30,Alzheimer's disease,796,2.8
,10,64A,Apoplexy,472,2.0,10,99a,Acute bronchitis,809,3.4,10,82b(2),Cerebral thrombosis,750,2.5,10,46b,Cancer of the stomach and duodenum,900,2.6,10,153,Malignant neoplasm of large intestine except rectum,958,2.1,10,151,Malignant neoplasm of stomach,1021,2.3,10,437,Generalized ischaemic cerebrovascular disease,1063,2.2,10,199,Malignant neoplasm without specification of site,959,1.9,10,441,Aortic aneurysm,690,1.7,10,F03,Unspecified dementia,686,2.0,10,C80,Malignant neoplasm without specification of site,705,2.4
80+ years,1,154B,Senile decay,10313,36.0,1,164(2),Other forms of senile decay,8961,27.0,1,93b(3),Other myocardial degeneration,7411,18.5,1,93c(3),Other myocardial degeneration,11915,23.0,1,422,Other myocardial degeneration,21969,28.0,1,422,Other myocardial degeneration,15607,16.3,1,485,Bronchopneumonia unspecified,15642,13.1,1,410,Acute myocardial infarction,19135,13.5,1,485,Bronchopneumonia organism unspecified,23717,14.5,1,J18,Pneumonia organism unspecified,15921,9.7,1,F03,Unspecified dementia,22095,12.5
,2,89&90B,Other bronchitis,4868,17.0,2,90(7),Other or unspecified myocardial disease,2988,9.0,2,162b,Other forms of senile decay,6449,16.1,2,162c,Senility without mention of senile dementia,6678,12.9,2,332,Cerebral embolism and thrombosis,7924,10.1,2,420,Arteriosclerotic heart disease including coronary disease,13763,14.3,2,410,Acute myocardial infarction,14095,11.8,2,436,Acute but ill-defined cerebrovascular disease,14283,10.1,2,436,Acute but ill-defined cerebrovascular disease,17949,10.9,2,I25,Chronic ischaemic heart disease,15812,9.6,2,J18,Pneumonia organism unspecified,13604,7.7
,3,79C,Other organic disease of heart,1844,6.4,3,99c99d,Bronchitis not distinguished as acute or chronic,2317,7.0,3,93b(2),Cardio-vascular degeneration,2644,6.6,3,93c(1),Cardio-vascular degeneration,5028,9.7,3,420,Arteriosclerotic heart disease including coronary disease,6378,8.1,3,332,Cerebal embolism and thrombosis,11051,11.5,3,412,Chronic ischaemic heart disease,12797,10.7,3,414,Other forms of chronic ischaemic heart disease,14229,10.0,3,410,Acute myocardial infarction,17782,10.8,3,I64,Stroke not specified as hemorrhage or infarction,13281,8.1,3,I25,Chronic ischaemic heart disease,10646,6.0
,4,64E,Cerebral haemorrhage,1574,5.5,4,74a(1),Cerebral haemorrhage so returned,2112,6.4,4,82a(1),Cerebral haemorrhage so returned,1864,4.7,4,83a,Cerebral haemorrhage,3675,7.1,4,331,Cerebral haemorrhage,4726,6.0,4,491,Bronchopneumonia,7736,8.1,4,433,Cerebral thrombosis,8776,7.4,4,485,Bronchopneumonia organism unspecified,12516,8.8,4,414,Other forms of chronic ischaemic heart disease,16824,10.3,4,I21,Acute myocardial infarction,9989,6.1,4,G30,Alzheimer's disease,8412,4.8
,5,79A,Valvular disease,1072,3.7,5,91b(2),Arterio-sclerosis without record of cerebral vascular lesion,1959,5.9,5,46,Cancer of the digestive organs and peritoneum,1801,4.5,5,83bc,Cerebral embolism thrombosis and softening,3084,5.9,5,794,Senility without mention of psychosis,4627,5.9,5,331,Cerebral haemorrhage,5548,5.8,5,436,Acute but ill-defined cerebrovascular disease,6580,5.5,5,434,Occlusion of cerebral arteries,5430,3.8,5,797,Senility without mention of psychosis,6733,4.1,5,F03,Unspecified dementia,8285,5.0,5,I64,Stroke not specified as hemorrhage or infarction,8064,4.6
,6,81B,Arterial sclerosis,956,3.3,6,99a,Acute bronchitis,1316,4.0,6,93c,Myocarditis not returned as acute or chronic,1743,4.4,6,97,Arteriosclerosis (ex. coronary or renal sclerosis or cerebral haemorrhage,2426,4.7,6,450,General arteriosclerosis,3718,4.7,6,450,General arteriosclerosis,4705,4.9,6,428,Other myocardial insufficiency,5220,4.4,6,290,Senile and presenile organic psychotic conditions,4689,3.3,6,428,Heart failure,5168,3.2,6,R54,Senility,7795,4.7,6,J44,Other chronic obstructive pulmonary disease,7655,4.3
,7,10,Influenza,833,2.9,7,99b,Chronic bronchitis,1201,3.6,7,97(3),Arterio-sclerosis without record of cerebral vascular lesion,1676,4.2,7,106b,Chronic bronchitis,1597,3.1,7,491,Bronchopneumonia,3428,4.4,7,334,Other and ill-defined vascular lesions affecting central nervous system,3497,3.6,7,440,Arteriosclerosis,5199,4.4,7,437,Other and ill-defined cerebrovascular disease,4373,3.1,7,290,Senile and presenile organic psychotic conditions,3869,2.4,7,I67,Other cerebrovascular diseases,5335,3.2,7,F01,Vascular dementia,6745,3.8
,8,64A,Apoplexy,436,1.5,8,90(9),Heart disease (undefined),893,2.7,8,106c,Bronchitis not distinguished as acute or chronic,1108,2.8,8,94a,Diseases of the coronary arteries,1218,2.3,8,502,Chronic bronchitis,2062,2.6,8,794,Senility without mention of psychosis,2793,2.9,8,427,Symptomatic heart disease,4911,4.1,8,429,Ill-defined descriptions and complications of heart disease,4077,2.9,8,437,Other and ill-defined cerebrovascular disease,3634,2.2,8,J44,Other chronic obstructive pulmonary disease,5325,3.2,8,R54,Senility,6403,3.6
,9,172,Injury by fall,416,1.5,9,90(4),Other or unspecified valve disease,663,2.0,9,186,Accidental injury by fall crushing etc.,1013,2.5,9,106a,Acute bronchitis,1156,2.2,9,443,Other and unspecified hypertensive heart disease,1991,2.5,9,434,Other and unspecified diseases of heart,2514,2.6,9,437,Generalized ischaemic cerebrovascular disease,4783,4.0,9,440,Atherosclerosis,3602,2.5,9,496,Chronic airways obstruction not elsewhere classified,3493,2.1,9,I50,Heart failure,4605,2.8,9,I21,Acute myocardial infarction,5625,3.2
,10,82A,Cerebral embolism and thrombosis,375,1.3,10,44,Cancer of the pharynx oesophagus stomach liver and annexa,616,1.9,10,82b(2),Cerebral thrombosis,964,2.4,10,186,Accidential injury by fall crushing landslide etc.,1076,2.1,10,334,Other and ill-defined vascular lesions affecting central nervous system,1385,1.8,10,502,Chronic bronchitis,1946,2.0,10,431,Cerebral haemorrhage,3235,2.7,10,428,Heart failure,3410,2.4,10,174,Malignant neoplasm of female breast,3426,2.1,10,C50,Malignant neoplasm of breast,3527,2.1,10,C34,Malignant neoplasm of bronchus and lung,4577,2.6
,,,,,,,,,,,,,,,,,,,,,,,,,,,,,,,,,,,,,,,,,,,,,,,,,,,,,,,